测试用例编号,测试标题,测试步骤,测试类别,建议测试的角色,预期结果,实际结果,执行人,执行日期,备注
TC-001,按退货单号搜索退货单,"1. 进入「退货单管理」页面
2. 在搜索框输入一个已存在的退货单号（可只输入部分编号）
3. 点击「查询」",退货单管理,客户质量工程师,列表只显示编号包含输入内容的退货单,,,,
TC-002,按客户筛选退货单,"1. 进入「退货单管理」页面
2. 在「客户」下拉中选择一个客户
3. 点击「查询」",退货单管理,客户质量工程师,列表只显示该客户的退货单,,,,
TC-003,按收件日期范围筛选,"1. 进入「退货单管理」页面
2. 选择一个收件日期范围（起止日期）
3. 点击「查询」",退货单管理,客户质量工程师,列表只显示收件日期在该范围内的退货单,,,,
TC-004,切换每页条数与翻页,"1. 在退货单列表下方切换「每页显示条数」
2. 点击下一页/上一页",退货单管理,客户质量工程师,列表正确显示对应页的数据，翻页正常,,,,
TC-005,点击列头排序,"1. 点击列表任意一列表头
2. 再次点击切换升序/降序",退货单管理,客户质量工程师,列表按所选字段升序或降序排列,,,,
TC-006,重置查询条件,"1. 先设置若干筛选条件并查询
2. 点击「重置」",退货单管理,客户质量工程师,筛选条件全部清空，列表恢复显示全部数据,,,,
TC-007,新建并暂存一个退货单,"1. 点击「新建退货单」
2. 填写必填项（客户、收件日期、退回数量等）
3. 点击「暂存」",退货单管理,分析员,退货单创建成功，状态显示为「草稿」,,,,
TC-008,新建页面不显示退件信息列表,"1. 点击「新建退货单」
2. 查看新建页面内容",退货单管理,分析员,新建页面只显示基本信息表单，不显示退件信息列表区域,,,,
TC-009,提交退货单自动生成单号,"1. 新建退货单并填写完整信息
2. 点击「提交」",退货单管理,分析员,提交成功，系统自动生成退货单号，格式为「年份后两位+QMC+4位序号」（如 26QMC0001）,,,,
TC-010,必填项未填时提交被拦截,"1. 新建退货单
2. 故意不填必填项
3. 点击「提交」",退货单管理,分析员,表单校验失败，提示哪些是必填项,,,,
TC-011,收件日期不能晚于今天,"1. 新建退货单
2. 将收件日期选择为一个未来日期",退货单管理,分析员,校验失败，提示不能晚于当前日期,,,,
TC-012,新建 0km（BA20）失效类型退货单,"1. 新建退货单
2. 「失效类型」选择 BA20（0-km, uninstalled）
3. 填写其他信息后暂存
4. 进入该退货单详情页",退货单管理,分析员,退货单创建成功；详情页显示「失效类型：BA20」并带红色「0km」标签,,,,BA20 代表 0 公里件
TC-013,新建非 0km（如 BA40）失效类型退货单,"1. 新建退货单
2. 「失效类型」选择 BA40（field product）
3. 填写其他信息后暂存",退货单管理,分析员,退货单创建成功，失效类型为 BA40，无 0km 标签,,,,
TC-014,快递退货单的投诉日期自动跟随收件日期,"1. 新建退货单
2. 「退回方式」选择「快递」
3. 填写收件日期
4. 查看投诉日期",退货单管理,分析员,投诉日期不可手填（置灰），自动与收件日期保持一致,,,,
TC-015,快递方式下修改收件日期投诉日期同步,"1. 在快递退货单中将收件日期改为另一天
2. 查看投诉日期",退货单管理,分析员,投诉日期自动更新为新的收件日期,,,,
TC-016,从快递切换为自提后投诉日期可独立修改,"1. 在快递退货单（投诉日期已同步）中，将「退回方式」改为「自提」
2. 修改投诉日期",退货单管理,分析员,投诉日期变为可编辑，可填写与收件日期不同的值,,,,
TC-017,从自提切换为快递后投诉日期同步收件日期,"1. 在自提退货单（收件日期与投诉日期不同）中，将「退回方式」改为「快递」
2. 查看投诉日期",退货单管理,分析员,投诉日期自动同步为收件日期,,,,
TC-018,自提方式下两个日期可独立填写,"1. 新建退货单
2. 「退回方式」选择「自提」
3. 分别填写收件日期和投诉日期为不同日期",退货单管理,分析员,两个日期可各自独立填写，互不影响,,,,
TC-019,编辑草稿退货单,"1. 创建一个草稿退货单
2. 点击「编辑」
3. 修改信息
4. 点击「暂存」",退货单管理,分析员,修改被保存，详情显示更新后的信息,,,,
TC-020,QMC Leader 可编辑已提交退货单,"1. 以 QMC Leader 登录
2. 进入一个已提交的退货单详情
3. 点击「编辑」并修改信息
4. 点击「提交」",退货单管理,分析主管 / 系统管理员,编辑成功，信息更新，页面显示「提交」按钮,,,,
TC-021,非 QMC Leader 不能编辑已提交退货单,"1. 以普通用户（非 QMC Leader）登录
2. 进入一个已提交的退货单详情页",退货单管理,客户质量工程师,看不到「编辑」按钮,,,,
TC-022,编辑时点取消不保存,"1. 进入编辑页面修改若干信息
2. 点击「取消」",退货单管理,分析员,返回列表，修改内容不被保存,,,,
TC-023,删除无退件信息的草稿退货单,"1. 创建一个草稿退货单（且无退件信息）
2. 选中该记录
3. 点击「删除」
4. 确认删除",退货单管理,分析员,弹出简单确认框，确认后删除成功，列表不再显示该记录,,,,任何角色均可删除草稿
TC-024,QMC Leader 可删除已提交且无退件信息的退货单,"1. 以 QMC Leader 登录
2. 选中一个已提交且无退件信息的退货单
3. 点击「删除」
4. 确认",退货单管理,分析主管 / 系统管理员,删除成功，列表不再显示,,,,
TC-025,非 QMC Leader 看不到已提交退货单的删除入口,"1. 以普通用户（非 QMC Leader）登录
2. 查看已提交退货单列表",退货单管理,客户质量工程师,看不到「删除」按钮,,,,
TC-026,批量删除多条无退件信息的草稿,"1. 选中多条草稿退货单（均无退件信息）
2. 点击「删除」
3. 确认",退货单管理,分析员,全部删除成功，提示「删除成功」,,,,
TC-027,批量删除「全部含退件信息」的订单被拦截,"1. 选中多条全部含退件信息的退货单
2. 点击「删除」",退货单管理,分析员,弹出警告框列出订单号及退件数量，只有「取消」按钮，无法删除,,,,
TC-028,批量删除「部分含退件信息」的订单被拦截,"1. 选中多条记录（其中部分含退件信息）
2. 点击「删除」",退货单管理,分析员,弹出警告框列出含退件信息的订单号及数量，只有「取消」按钮，无法删除,,,,
TC-029,QMC Leader 批量删除含已提交订单（无退件）,"1. 以 QMC Leader 登录
2. 选中草稿与已提交订单（均无退件信息）
3. 点击「删除」
4. 确认",退货单管理,分析主管 / 系统管理员,全部删除成功,,,,
TC-030,非 QMC Leader 选中含已提交订单时看不到删除按钮,"1. 以普通用户登录
2. 选中包含已提交订单的记录",退货单管理,客户质量工程师,「删除」按钮不显示,,,,
TC-031,提交草稿退货单生成单号,"1. 创建草稿退货单
2. 点击「提交」
3. 确认提交",退货单管理,分析员,状态变为「已提交」，并生成退货单号,,,,
TC-032,退货单号格式正确,"1. 提交若干退货单
2. 查看生成的单号",退货单管理,分析员,单号格式为「年份后两位+QMC+4位序号」,,,,
TC-033,退货单号唯一不重复,"1. 连续创建并提交多个退货单
2. 对比各单号",退货单管理,分析员,每个退货单号都唯一，互不重复,,,,
TC-034,列表中「草稿」状态显示,"1. 创建一个未提交的退货单
2. 查看列表「状态」列",退货单管理,客户质量工程师,显示灰色「草稿」标签,,,,
TC-035,列表中「已提交」状态显示,"1. 提交一个退货单
2. 查看列表「状态」列",退货单管理,客户质量工程师,显示蓝色「已提交」标签,,,,
TC-036,列表中「退件登记/已完成」状态显示,"1. 对一个已提交退货单执行「结束录入」
2. 查看列表「状态」列",退货单管理,客户质量工程师,显示蓝色「退件登记/已完成」标签,,,,
TC-037,列表中「已报废」状态显示,"1. 将一个退货单的所有关联分析单完成报废
2. 查看列表「状态」列",退货单管理,客户质量工程师,显示红色「已报废」标签,,,,
TC-038,按状态筛选退货单,"1. 在列表「状态」下拉中分别选择草稿/已提交/退件登记/已报废
2. 点击查询",退货单管理,客户质量工程师,仅显示对应状态的退货单,,,,
TC-039,详情页状态步骤条显示,"1. 进入退货单详情页
2. 查看顶部状态步骤条",退货单管理,客户质量工程师,正确显示 4 步（草稿→已提交→退件登记→已报废），已完成节点高亮,,,,
TC-040,退货单状态只能向后流转,"1. 打开一个已提交的退货单
2. 尝试将其退回草稿状态",退货单管理,客户质量工程师,无法回退，状态只能向前流转,,,,
TC-041,草稿状态可编辑,"1. 创建草稿退货单
2. 点击「编辑」",退货单管理,分析员,可以正常编辑,,,,
TC-042,非 QMC Leader 在已提交/已登记退货单看不到编辑按钮,"1. 以普通用户登录
2. 进入已提交或已登记的退货单详情",退货单管理,客户质量工程师,看不到「编辑」按钮,,,,
TC-043,查看退货单详情,"1. 在列表点击某退货单号链接
2. 查看详情页",退货单管理,客户质量工程师,显示完整的退货单信息及关联的退件信息,,,,
TC-044,详情显示关联退件信息列表,"1. 进入有退件信息的退货单详情
2. 查看退件信息区域",退货单管理,客户质量工程师,显示该退货单下所有关联退件信息,,,,
TC-045,详情状态步骤条显示当前节点,"1. 进入退货单详情
2. 查看状态步骤条",退货单管理,客户质量工程师,步骤条正确显示当前所处状态节点,,,,
TC-046,退件信息分页显示,"1. 进入退件信息较多的退货单详情
2. 查看退件信息列表分页器",退货单管理,客户质量工程师,显示分页器，每页默认显示如 10 条,,,,
TC-047,退件信息翻页,"1. 退件信息超过一页时
2. 点击「下一页」",退货单管理,客户质量工程师,正确跳转到下一页并显示对应数据,,,,
TC-048,退件信息页码跳转,"1. 退件信息有多页
2. 点击某个具体页码",退货单管理,客户质量工程师,跳转到指定页，显示对应数据,,,,
TC-049,退件信息每页条数切换,"1. 点击每页条数选择器
2. 选择不同数量（如 20/50/100）",退货单管理,客户质量工程师,每页显示对应数量，分页器随之更新,,,,
TC-050,退件信息总数显示,1. 查看退件信息列表区域底部,退货单管理,客户质量工程师,显示「共 X 条」总条数信息,,,,
TC-051,无退件信息时显示空提示,1. 进入一个无退件信息的退货单详情,退货单管理,客户质量工程师,退件信息区域显示「暂无退件信息」提示,,,,
TC-052,退件信息列表排序,1. 点击退件信息列表的某列表头,退货单管理,客户质量工程师,列表按所选字段排序显示,,,,
TC-053,新增退件后详情自动刷新,"1. 在详情页新增一条退件信息
2. 返回详情页",退货单管理,分析员,退件信息列表自动刷新，显示新增的数据,,,,
TC-054,导出全部退货单,"1. 不设置任何筛选条件
2. 点击「导出」",退货单管理,客户质量工程师,导出包含所有退货单数据的 Excel 文件,,,,
TC-055,导出筛选后的退货单,"1. 设置筛选条件并查询
2. 点击「导出」",退货单管理,客户质量工程师,仅导出筛选后的退货单数据,,,,
TC-056,导出文件可正常打开,"1. 执行导出
2. 打开下载的 Excel 文件",退货单管理,客户质量工程师,文件格式正确，数据完整无误,,,,
TC-057,导出文件名包含日期,"1. 执行导出
2. 查看下载文件名",退货单管理,客户质量工程师,文件名包含日期，格式为 ReturnOrders_YYYYMMDD.xlsx,,,,
TC-058,所有分析单报废后退货单自动变「已报废」,"1. 创建并提交退货单
2. 结束录入
3. 将所有关联分析单完成 WorkON 确认
4. 查看退货单状态",退货单管理,分析员,退货单状态自动变更为「已报废」,,,,
TC-059,仅部分分析单报废时退货单保持已登记,"1. 退货单有 3 个分析单
2. 仅完成其中 2 个的报废
3. 查看退货单状态",退货单管理,分析员,退货单状态保持「退件登记/已完成」,,,,
TC-060,已报废退货单不可编辑,"1. 进入已报废退货单详情
2. 点击「编辑」",退货单管理,分析员,提示「已报废的退货单不允许编辑」,,,,
TC-061,已报废退货单不可删除,"1. 选中一个已报废的退货单
2. 尝试删除",退货单管理,分析员,删除被拒绝，状态不变,,,,
TC-062,列表筛选「已报废」,"1. 列表「状态」筛选选择「已报废」
2. 查看结果",退货单管理,客户质量工程师,仅显示已报废状态的退货单,,,,
TC-063,已报废退货单详情显示报废摘要,1. 进入已报废退货单详情,退货单管理,客户质量工程师,显示红色标签和报废摘要（如「X/Y 分析单已报废」）,,,,
TC-064,已报废退货单表单禁用,1. 进入已报废退货单详情页,退货单管理,客户质量工程师,所有表单控件禁用，操作按钮隐藏,,,,
TC-065,草稿状态「结束录入」按钮禁用,"1. 进入「草稿」状态的退货单详情
2. 查看「结束录入」按钮",退货单管理,分析员,显示「结束录入」按钮，但置灰不可点击,,,,
TC-066,已提交且有退件时「结束录入」可用,"1. 进入「已提交」且已有退件信息的退货单详情
2. 查看「结束录入」按钮",退货单管理,分析员,按钮可用（可点击）,,,,
TC-067,结束录入前弹出确认弹窗,1. 点击「结束录入」按钮,退货单管理,分析员,弹出确认弹窗，提示「结束后将无法再添加或删除退件信息」,,,,
TC-068,确认结束录入后状态变更,1. 在确认弹窗中点击确认,退货单管理,分析员,退货单状态变为「退件登记/已完成」,,,,
TC-069,结束录入后按分析师自动创建分析单,"1. 退货单下有 3 条退件，分析师分别为 A、A、B
2. 结束录入",退货单管理,分析员,系统按分析师分组创建 2 个分析单（A 和 B 各一个），各自关联对应分析师的退件,,,,
TC-070,无退件时结束录入被拒绝,"1. 退货单下无任何退件信息
2. 点击「结束录入」",退货单管理,分析员,提示「请先添加退件信息」，无法结束录入,,,,
TC-071,存在未提交退件时「结束录入」按钮禁用,"1. 进入已提交退货单详情
2. 添加退件信息并仅「暂存」（未提交）
3. 查看「结束录入」按钮",退货单管理,分析员,按钮置灰，悬停提示「存在未提交的退件，请先提交所有退件后再结束录入」,,,,
TC-072,部分退件未提交时按钮禁用,"1. 添加 3 条退件，提交 2 条、暂存 1 条
2. 查看「结束录入」按钮",退货单管理,分析员,按钮置灰，提示存在未提交退件,,,,
TC-073,全部退件已提交时按钮可用,"1. 添加退件信息并全部「提交」
2. 查看「结束录入」按钮",退货单管理,分析员,按钮可用（蓝色可点击）,,,,
TC-074,结束录入后不能再添加退件信息,"1. 结束录入后进入退货单详情
2. 尝试点击「新增退件信息」",退货单管理,分析员,「新增退件信息」按钮不可见或禁用,,,,
TC-075,结束录入后不能再删除退件信息,"1. 结束录入后
2. 尝试删除退件信息",退货单管理,分析员,删除按钮不可见,,,,
TC-076,已结束录入状态不显示「结束录入」按钮,1. 进入已结束录入（退件登记/已完成或已报废）的退货单详情,退货单管理,分析员,不显示「结束录入」按钮,,,,
TC-077,草稿状态可添加退件信息,"1. 进入草稿退货单详情
2. 点击「新增退件信息」",退货单管理,分析员,可正常添加,,,,
TC-078,已提交状态可添加退件信息,"1. 进入已提交退货单详情
2. 点击「新增退件信息」",退货单管理,分析员,可正常添加（结束录入前均可）,,,,
TC-079,已结束录入状态不可添加退件信息,"1. 进入已结束录入的退货单详情
2. 查看「新增退件信息」按钮",退货单管理,分析员,按钮不可见或禁用,,,,
TC-080,已报废状态不可添加退件信息,"1. 进入已报废退货单详情
2. 查看「新增退件信息」按钮",退货单管理,分析员,按钮不可见或禁用,,,,
TC-081,新建时填写「其他信息」,"1. 新建退货单
2. 在「其他信息」字段输入内容
3. 保存",退货单管理,分析员,保存成功，详情页显示所填内容,,,,非必填
TC-082,编辑时修改「其他信息」,"1. 编辑已有退货单
2. 修改「其他信息」
3. 保存",退货单管理,分析员,保存成功，详情页更新为新内容,,,,
TC-083,详情页展示「其他信息」,1. 查看退货单详情,退货单管理,客户质量工程师,「其他信息」正确显示；为空时显示「-」,,,,
TC-084,按关联退货单号查询退件,"1. 进入「退件信息」列表
2. 输入一个关联的退货单号
3. 点击查询",退件信息管理,客户质量工程师,显示该退货单下的退件信息,,,,
TC-085,按零件号查询退件,"1. 在退件信息列表输入零件号
2. 点击查询",退件信息管理,客户质量工程师,显示该零件号的退件信息,,,,
TC-086,按业务单元筛选退件,"1. 选择一个业务单元
2. 点击查询",退件信息管理,客户质量工程师,仅显示该业务单元的退件信息,,,,
TC-087,按产品平台筛选退件,"1. 选择一个产品平台
2. 点击查询",退件信息管理,客户质量工程师,仅显示该产品平台的退件信息,,,,
TC-088,按状态筛选退件,"1. 选择一个状态
2. 点击查询",退件信息管理,客户质量工程师,仅显示该状态的退件信息,,,,
TC-089,按「是否已创建 QC」筛选,"1. 选择「已创建 QC」
2. 点击查询",退件信息管理,客户质量工程师,仅显示已录入 QC 号的退件信息,,,,
TC-090,按分析师搜索退件,"1. 输入分析师名称（可只输部分）
2. 点击查询",退件信息管理,客户质量工程师,仅显示分析师名称包含输入内容的退件信息,,,,
TC-091,清空分析师后恢复全部,"1. 先按分析师查询
2. 清空分析师输入框
3. 点击查询",退件信息管理,客户质量工程师,重新显示全部退件信息,,,,
TC-092,退件列表显示分析师列,1. 打开退件信息列表页,退件信息管理,客户质量工程师,列表中显示「分析师」列，展示各退件的分析师,,,,
TC-093,分析师列排序,1. 点击「分析师」列表头,退件信息管理,客户质量工程师,列表按分析师升序或降序排列,,,,
TC-094,按生产日期范围筛选,"1. 选择生产日期范围
2. 点击查询",退件信息管理,客户质量工程师,仅显示生产日期在该范围内的退件信息,,,,
TC-095,按行驶里程范围筛选（手动输入）,"1. 在公里数范围输入框填入下限和上限
2. 点击查询",退件信息管理,客户质量工程师,仅显示行驶里程在该范围内的退件信息,,,,
TC-096,按行驶里程范围筛选（滑块拖拽）,"1. 拖动公里数范围滑块
2. 点击查询",退件信息管理,客户质量工程师,滑块对应的公里数写入输入框，查询结果符合该范围,,,,
TC-097,行驶里程仅设下限,"1. 只在下限框输入数值，上限留空
2. 点击查询",退件信息管理,客户质量工程师,显示行驶里程≥该下限的全部退件信息,,,,
TC-098,行驶里程仅设上限,"1. 只在上限框输入数值，下限留空
2. 点击查询",退件信息管理,客户质量工程师,显示行驶里程≤该上限的全部退件信息,,,,
TC-099,行驶里程不设限制,"1. 上下限均留空
2. 点击查询",退件信息管理,客户质量工程师,不按里程过滤，显示全部退件信息,,,,
TC-100,重置生产日期与里程范围,"1. 先设置生产日期和里程范围
2. 点击「重置」",退件信息管理,客户质量工程师,范围条件清空，里程输入框恢复「不限」，显示全部,,,,
TC-101,新建退件信息并暂存,"1. 从退货单详情点击「新增退件信息」
2. 填写必填项（关联订单、零件号）
3. 点击「暂存」",退件信息管理,分析员,退件创建成功，状态为「信息录入/进行中」,,,,
TC-102,新建时关联退货单自动预填,1. 从退货单详情点击「新增退件信息」,退件信息管理,分析员,关联退货单字段自动填充为当前退货单,,,,
TC-103,退件必填项校验,"1. 新建退件信息
2. 不填必填项
3. 点击「暂存」",退件信息管理,分析员,表单校验失败，提示必填项,,,,
TC-104,取消创建退件,"1. 新建退件信息填写部分内容
2. 点击「取消」",退件信息管理,分析员,返回列表，数据不保存,,,,
TC-105,关联退货单下拉仅显示已提交状态,"1. 直接进入「新建退件信息」页面（非从退货单详情进入）
2. 查看「关联退货单」下拉",退件信息管理,分析员,下拉仅显示已提交状态的退货单，不显示草稿和已关闭订单,,,,
TC-106,退件「其他信息」可选填,"1. 新建退件信息
2. 在「其他信息」字段输入内容
3. 保存",退件信息管理,分析员,保存成功，详情页显示「其他信息」,,,,非必填
TC-107,客户失效类型仅显示三项,"1. 打开新建退件信息表单
2. 查看「客户失效类型」下拉",退件信息管理,分析员,仅显示 NVH / 功能 / 外观 三个选项,,,,
TC-108,修复站点与投诉地点分为两个字段,"1. 打开新建退件信息表单
2. 查看「修复站点」和「投诉地点」",退件信息管理,分析员,两个字段独立显示，可分别填写,,,,
TC-109,普通用户编辑草稿退件,"1. 以普通用户登录
2. 编辑草稿（暂存）状态的退件信息",退件信息管理,分析员,可以编辑,,,,
TC-110,普通用户不可编辑已提交退件,"1. 以普通用户登录
2. 进入已提交退件信息详情",退件信息管理,客户质量工程师,编辑按钮不可见或禁用,,,,
TC-111,数据校订角色可编辑已提交退件,"1. 切换为「数据校订」角色
2. 编辑已提交退件信息",退件信息管理,分析主管 / 系统管理员,可以编辑,,,,
TC-112,编辑已关闭订单的退件时关联订单禁用,"1. 关联的退货单已变为已关闭状态
2. 编辑该退件信息
3. 查看「关联退货单」字段",退件信息管理,分析员,关联退货单字段禁用，并提示「关联的退货单状态不允许添加退件信息」,,,,
TC-113,暂存退件详情页显示编辑按钮,"1. 创建退件并暂存（未提交）
2. 进入退件详情页",退件信息管理,分析员,显示「编辑」按钮（无需 QMC Leader 权限）,,,,
TC-114,暂存退件编辑页同时显示暂存和提交,"1. 创建退件并暂存
2. 点击「编辑」进入编辑页",退件信息管理,分析员,底部同时显示「暂存」和「提交」两个按钮,,,,
TC-115,删除未提交退件信息,"1. 选中一条未提交退件（无零件号）
2. 点击「删除」
3. 确认",退件信息管理,分析员,删除成功，列表不再显示,,,,任何角色均可删除未提交退件
TC-116,QMC Leader 删除已提交退件信息,"1. 以 QMC Leader 登录
2. 选中已提交退件（有零件号）
3. 点击「删除」
4. 确认",退件信息管理,分析主管 / 系统管理员,删除成功，列表不再显示,,,,
TC-117,普通用户看不到已提交退件的删除按钮,"1. 以普通用户登录
2. 选中一条已提交退件信息",退件信息管理,客户质量工程师,「删除」按钮不可见,,,,
TC-118,未选中退件时不显示删除按钮,"1. 进入退件信息列表
2. 不选中任何记录",退件信息管理,客户质量工程师,「删除」按钮不可见,,,,
TC-119,选中未提交退件时显示删除按钮,1. 选中一条未提交退件（无零件号）,退件信息管理,分析员,「删除」按钮可见,,,,
TC-120,普通用户选中混合（含已提交）退件时看不到删除按钮,"1. 以普通用户登录
2. 选中包含已提交和未提交的退件",退件信息管理,客户质量工程师,「删除」按钮不可见,,,,
TC-121,QMC Leader 选中混合退件时显示删除按钮,"1. 以 QMC Leader 登录
2. 选中包含已提交和未提交的退件",退件信息管理,分析主管,「删除」按钮可见,,,,
TC-122,批量删除未提交退件,"1. 选中多条未提交退件
2. 点击「删除」
3. 确认",退件信息管理,分析员,全部删除成功，提示「删除成功」,,,,
TC-123,提交退件自动生成件号,"1. 创建退件信息并填写完整
2. 点击「提交」",退件信息管理,分析员,自动生成退件号，格式为「业务单元-产品平台-4位序号」（如 RBCABS-WSA-0001）,,,,
TC-124,退件号唯一不重复,"1. 创建并依次提交多个退件
2. 对比各件号",退件信息管理,分析员,每个退件号唯一，互不重复,,,,
TC-125,查看退件信息详情,"1. 点击某退件号链接
2. 查看详情页",退件信息管理,客户质量工程师,显示完整的退件信息,,,,
TC-126,退件详情状态步骤条,"1. 进入退件信息详情
2. 查看状态步骤条",退件信息管理,客户质量工程师,步骤条正确显示当前状态节点,,,,
TC-127,退件详情 QC 号区域,"1. 查看退件信息详情
2. 查看 QC 号区域",退件信息管理,客户质量工程师,状态符合时显示 QC 号输入框，已有值时展示,,,,
TC-128,退件详情展示「其他信息」,1. 查看退件信息详情,退件信息管理,客户质量工程师,「其他信息」正确显示；为空时显示「-」,,,,
TC-129,信息录入进行中时「精分析」按钮禁用,"1. 进入「信息录入/进行中」状态的退件详情
2. 查看「精分析」按钮",退件信息管理,客户质量工程师,按钮置灰不可点击,,,,
TC-130,未抽样时「精分析」按钮禁用,"1. 进入已提交但未被抽中的退件详情
2. 查看「精分析」按钮",退件信息管理,客户质量工程师,按钮置灰,,,,
TC-131,0km（精分析已跳过）退件「精分析」按钮禁用,"1. 进入「精分析/已跳过」状态的 0km 退件详情
2. 查看「精分析」按钮",退件信息管理,客户质量工程师,按钮置灰（0km 跳过精分析，无报告可看）,,,,
TC-132,已抽样且精分析进行中「精分析」按钮可用,"1. 进入「精分析/进行中」且已被抽中的退件详情
2. 查看「精分析」按钮",退件信息管理,分析员,按钮可用（蓝色可点击），点击进入精分析表单,,,,
TC-133,精分析已提交/完成时「精分析」按钮可查看报告,"1. 进入「精分析报告已提交」或「精分析/已完成」状态的退件详情
2. 点击「精分析」按钮",退件信息管理,分析员,可打开并查看已填写的精分析报告,,,,
TC-134,报废中/已报废退件「精分析」按钮可查看报告,"1. 进入「报废中」或「已报废」状态的退件详情
2. 点击「精分析」按钮",退件信息管理,分析员,可打开并查看已填写的精分析报告,,,,
TC-135,OCR 拍照入口,"1. 进入新建/编辑退件信息表单
2. 在 OCR 区域点击「拍照」",退件信息管理,分析员,移动端直接调起后置相机；PC 端弹出文件选择器,,,,
TC-136,OCR 上传图片入口,"1. 在 OCR 区域点击「上传图片」
2. 选择本地 jpg/png 图片",退件信息管理,分析员,弹出文件选择器，仅支持 jpg/png，最大 10MB,,,,
TC-137,OCR 上传非图片文件被拒,1. 尝试上传非图片文件（如 .pdf）,退件信息管理,分析员,提示不支持的格式,,,,
TC-138,OCR 识别中状态显示,"1. 上传图片后
2. 观察 OCR 区域",退件信息管理,分析员,显示图片缩略图、加载遮罩和「正在识别，请稍候…（约需 30 秒）」提示,,,,
TC-139,OCR 识别成功后字段自动填入,"1. 上传图片并等待约 30 秒识别完成
2. 查看客诉信息字段",退件信息管理,分析员,识别到的字段自动填入对应表单控件，无需手动点击；显示绿色成功态,,,,
TC-140,OCR 识别失败时降级为手动填写,"1. 多次上传图片触发随机失败
2. 观察 OCR 区域",退件信息管理,分析员,显示红色失败态，提示「OCR 识别失败，请手动填写」；字段保持原值可手动编辑,,,,
TC-141,OCR 识别中可停止,"1. 上传图片开始识别
2. 识别过程中点击「停止识别」",退件信息管理,分析员,停止识别，OCR 区域恢复空闲状态,,,,
TC-142,OCR 图片大图预览,"1. 识别完成（或失败）后
2. 点击图片缩略图",退件信息管理,分析员,弹出全屏大图预览，可关闭,,,,
TC-143,OCR 重新拍照/上传,"1. 识别完成后
2. 再次点击「拍照」或「上传图片」",退件信息管理,分析员,清除旧结果，重新进入上传流程,,,,
TC-144,OCR 识别结果随退件保存,"1. 新建退件信息时先上传 OCR 图片并等待识别完成
2. 点击「暂存」或「提交」
3. 重新进入该退件详情",退件信息管理,分析员,识别到的字段已保存在该退件信息中,,,,
TC-145,上传单张退件照片,"1. 点击照片上传区域
2. 选择一张图片上传",退件信息管理,分析员,显示该照片缩略图,,,,
TC-146,上传多张退件照片,1. 依次上传多张照片,退件信息管理,分析员,全部显示缩略图,,,,
TC-147,退件照片数量限制,1. 尝试上传超过 20 张照片,退件信息管理,分析员,提示超过数量限制,,,,
TC-148,预览退件照片大图,1. 点击某张照片缩略图,退件信息管理,分析员,弹窗显示大图,,,,
TC-149,删除退件照片,1. 点击某张照片缩略图上的删除按钮,退件信息管理,分析员,该照片被删除,,,,
TC-150,退件照片文件类型限制,1. 尝试上传非图片文件,退件信息管理,分析员,提示文件类型不支持,,,,
TC-151,退件创建前上传的照片自动关联,"1. 新建退件信息前先通过上传按钮上传图片
2. 创建并保存退件信息
3. 进入该退件详情",退件信息管理,分析员,之前上传的图片已自动关联到该退件,,,,
TC-152,QMC Leader 录入 QC 号,"1. 以 QMC Leader 登录
2. 进入已完成精分析的退件详情
3. 输入 QC 号
4. 点击保存",退件信息管理,分析主管 / 系统管理员,QC 号保存成功,,,,
TC-153,QC 号为空时任何人都可录入,"1. 以普通用户登录
2. 进入 QC 号为空的退件详情
3. 输入 QC 号",退件信息管理,客户质量工程师,QC 号输入框可编辑，保存成功,,,,
TC-154,QC 号已有值时仅 QMC Leader 可改,"1. 以普通用户登录
2. 进入 QC 号已填写的退件详情",退件信息管理,客户质量工程师,QC 号输入框只读,,,,
TC-155,QC 号保存后详情更新,"1. 输入 QC 号并保存
2. 刷新详情页",退件信息管理,分析主管,QC 号正确显示,,,,
TC-156,非可录入状态不可录入 QC 号,1. 在非「精分析完成」等可录入状态输入 QC 号,退件信息管理,客户质量工程师,提示当前状态不可录入 QC 号,,,,
TC-157,0km（精分析已跳过）状态可录入 QC 号,"1. 进入「精分析/已跳过」状态的退件详情
2. 输入 QC 号
3. 保存",退件信息管理,分析主管,QC 号保存成功,,,,
TC-158,新建时可选填零件生产日期,"1. 打开新建退件信息表单
2. 选择「零件生产日期」
3. 保存",退件信息管理,分析员,保存成功，详情页显示所选日期,,,,非必填
TC-159,新建时不填生产日期显示空,"1. 打开新建退件信息表单
2. 不填「零件生产日期」
3. 保存",退件信息管理,分析员,保存成功，详情页该字段显示「-」,,,,
TC-160,编辑时修改零件生产日期,"1. 打开已有退件编辑表单
2. 修改「零件生产日期」
3. 保存",退件信息管理,分析员,保存成功，详情页更新为新日期,,,,
TC-161,0km 退件暂存后状态为「信息录入/进行中」,"1. 在 0km（BA20）退货单下新建退件并暂存
2. 查看退件状态",退件信息管理,分析员,退件初始状态为「信息录入/进行中」,,,,
TC-162,0km 退件提交后状态为「精分析/已跳过」,"1. 将暂存的 0km 退件提交
2. 查看退件状态",退件信息管理,分析员,状态变为「精分析/已跳过」,,,,0km 提交后跳过精分析
TC-163,非 0km 退件暂存后状态为「信息录入/进行中」,"1. 在非 0km（BA40）退货单下新建退件并暂存
2. 查看退件状态",退件信息管理,分析员,退件初始状态为「信息录入/进行中」,,,,
TC-164,0km 退件可正常报废,"1. 找到「精分析/已跳过」状态的 0km 退件
2. 进入其分析单
3. 执行报废操作",退件信息管理,分析员,报废流程正常完成，无权限或状态错误,,,,
TC-165,0km 退件提交后责任工程师收到 0km 通知邮件,"1. 在 0km（BA20 等）退货单下新建退件并「提交」
2. 查看责任工程师邮箱
3. 在非 0km（BA40）退货单下新建并提交退件
4. 查看邮箱",退件信息管理,分析员 / 客户质量工程师,0km 类型：提交时责任工程师收到 0km 通知邮件（暂存阶段不发）；非 0km 类型：不发送,,,,
TC-166,同一退货单内零件编号不可重复,"1. 在同一退货单下新建两条退件
2. 使用相同的零件编号
3. 提交",退件信息管理,分析员,系统报错，提示零件编号重复,,,,
TC-167,不同退货单间零件编号可重复,1. 在不同退货单下创建相同零件编号的退件,退件信息管理,分析员,创建成功，无报错,,,,
TC-168,退件号格式含分隔符,"1. 提交退件信息
2. 查看生成的编号",退件信息管理,分析员,编号格式为「业务单元-产品平台-序号」（含横杠分隔符）,,,,
TC-169,新建时分别填写修复站点与投诉地点,"1. 新建退件信息
2. 分别填写「修复站点」和「投诉地点」
3. 保存",退件信息管理,分析员,两个字段各自独立保存,,,,
TC-170,编辑时分别修改修复站点与投诉地点,"1. 编辑退件信息
2. 只修改「修复站点」
3. 保存",退件信息管理,分析员,修复站点更新，投诉地点保持不变,,,,
TC-171,详情页分别展示修复站点与投诉地点,1. 查看退件信息详情,退件信息管理,分析员,两个字段分别显示；为空时显示「-」,,,,
TC-172,移动端拍照调起相机,"1. 在移动端浏览器打开新建/编辑退件
2. 点击拍照按钮",退件信息管理,分析员,直接调起后置相机,,,,
TC-173,PC 端拍照弹出文件选择器,1. 在 PC 端浏览器点击拍照按钮,退件信息管理,分析员,弹出文件选择器，仅支持 jpg/png,,,,
TC-174,拍照后显示预览,1. 完成拍照,退件信息管理,分析员,显示图片缩略图预览,,,,
TC-175,拍照与上传图片共存,"1. 先上传一张图片
2. 再拍一张照",退件信息管理,分析员,两种方式添加的图片共存显示,,,,
TC-176,导出全部退件信息,"1. 不设置筛选条件
2. 点击「导出」",退件信息管理,客户质量工程师,导出所有售后件数据,,,,
TC-177,导出筛选后的退件信息,"1. 设置筛选条件并查询
2. 点击「导出」",退件信息管理,客户质量工程师,仅导出筛选后的数据,,,,
TC-178,退件导出文件可正常打开,1. 打开导出的 Excel 文件,退件信息管理,客户质量工程师,文件格式正确，数据完整,,,,
TC-179,退件导出文件名包含日期,"1. 执行导出
2. 查看文件名",退件信息管理,客户质量工程师,文件名包含日期，格式为 售后件明细_YYYYMMDD.xlsx,,,,
TC-180,按生产日期范围过滤导出,"1. 设置生产日期范围筛选
2. 点击「导出」",退件信息管理,客户质量工程师,仅导出生产日期在范围内的退件信息,,,,
TC-181,按行驶里程范围过滤导出,"1. 在公里数范围设下限和上限
2. 点击「导出」",退件信息管理,客户质量工程师,仅导出行驶里程在该范围内的退件信息,,,,
TC-182,业务单元必填校验,"1. 新建退件信息
2. 选择一个未配置业务单元的零件码
3. 不填业务单元
4. 点击暂存/提交",退件信息管理,分析员,表单校验失败，业务单元字段提示「请选择业务单元」,,,,
TC-183,产品平台必填校验,"1. 新建退件信息
2. 选择一个未配置产品平台的零件码
3. 不填产品平台
4. 点击暂存/提交",退件信息管理,分析员,表单校验失败，产品平台字段提示「请选择产品平台」,,,,
TC-184,业务单元与产品平台自动填充后提交,"1. 新建退件信息
2. 选择一个已配置业务单元和产品平台的零件码
3. 两个自动填充
4. 填写其他必填项
5. 提交",退件信息管理,分析员,提交成功，无校验错误,,,,
TC-185,编辑退件保持业务单元与产品平台必填,"1. 编辑一条已有退件（业务单元和产品平台已填）
2. 不修改这两个字段
3. 保存",退件信息管理,分析员,保存成功，无校验错误,,,,
TC-186,选择报告模板自动加载字段,"1. 进入精分析表单
2. 选择一个报告模板",精分析报告,分析员,自动加载该模板对应的表单字段,,,,
TC-187,不同模板表单字段动态变化,"1. 选择不同模板
2. 查看表单字段",精分析报告,分析员,表单字段随模板动态变化,,,,
TC-188,精分析必填字段校验,"1. 不填写必填字段
2. 点击提交",精分析报告,分析员,表单校验失败，提示必填项,,,,
TC-189,精分析报告暂存为草稿,"1. 填写部分报告内容
2. 点击「暂存」",精分析报告,分析员,草稿保存成功，报告状态为「草稿」,,,,
TC-190,编辑精分析草稿,"1. 打开草稿报告
2. 修改内容
3. 暂存",精分析报告,分析员,修改被保存,,,,
TC-191,多次暂存精分析报告,"1. 暂存后继续编辑
2. 再次暂存",精分析报告,分析员,每次暂存都成功,,,,
TC-192,提交精分析报告,"1. 填写完整报告
2. 点击「提交审批」",精分析报告,分析员,报告状态变为「已提交」，退件进入「精分析报告已提交」,,,,
TC-193,提交后报告只读并显示撤回按钮,"1. 提交精分析报告后
2. 打开精分析报告弹窗",精分析报告,分析员,报告为只读，不显示暂存和提交按钮，显示「撤回」按钮,,,,
TC-194,驳回后可重新提交报告,"1. 审批被驳回后
2. 修改报告
3. 重新提交",精分析报告,分析员,可以重新提交,,,,
TC-195,撤回已提交的精分析报告,"1. 提交精分析报告后
2. 点击「撤回」
3. 确认",精分析报告,分析员,报告状态变为「已撤回」，退件回退到「精分析/进行中」,,,,
TC-196,非提交者不可撤回报告,"1. 以非报告提交者身份查看已提交报告
2. 查看撤回按钮",精分析报告,分析员,撤回按钮不可见或禁用,,,,
TC-197,导出精分析报告为 Word,"1. 进入退件信息详情
2. 点击「导出报告」
3. 下载",精分析报告,分析员,成功下载 .docx 文件,,,,
TC-198,导出的 Word 内容完整,1. 打开导出的 Word 文件,精分析报告,分析员,内容完整，格式正确,,,,
TC-199,上传 Excel 报告模板,"1. 进入设置-模板管理
2. 选择 .xlsx 文件
3. 填写模板信息
4. 上传",精分析报告,系统管理员,模板上传成功,,,,
TC-200,上传超大模板文件被拒,1. 上传超大文件,精分析报告,系统管理员,提示文件过大,,,,待测试
TC-201,上传非 Office 模板文件被拒,1. 上传非 Office 文件,精分析报告,系统管理员,提示文件类型不支持,,,,待测试
TC-202,下载报告模板,"1. 进入设置-模板管理
2. 点击模板的「下载」按钮",精分析报告,系统管理员,下载原上传的模板文件,,,,
TC-203,下载的模板文件完整,1. 打开下载的模板文件,精分析报告,系统管理员,文件内容与上传时一致,,,,
TC-204,删除报告模板,"1. 进入设置-模板管理
2. 点击模板的「删除」按钮
3. 确认",精分析报告,系统管理员,模板删除成功,,,,
TC-205,删除模板后列表更新,"1. 删除模板
2. 查看模板列表",精分析报告,系统管理员,列表中不再显示已删除的模板,,,,
TC-206,模板精确匹配（产品平台+失效类型）,"1. 上传模板：产品平台=WSA、失效类型=噪音
2. 创建匹配条件的退件
3. 打开精分析报告弹窗",精分析报告,分析员,自动匹配到该模板（优先级最高）,,,,
TC-207,模板仅产品平台匹配,"1. 上传模板：产品平台=WSA、失效类型=空
2. 创建产品平台=WSA 的退件
3. 打开精分析报告弹窗",精分析报告,分析员,自动匹配到该模板,,,,
TC-208,默认模板匹配,"1. 上传模板：产品平台=空、失效类型=空
2. 打开无精确匹配的精分析报告弹窗",精分析报告,分析员,自动匹配到默认模板,,,,
TC-209,多个匹配模板时可手动选择,"1. 上传多个相同条件的模板
2. 打开精分析报告弹窗",精分析报告,分析员,显示模板选择下拉框，可手动选择,,,,
TC-210,切换产品平台模板列表实时更新,"1. 打开精分析报告弹窗
2. 修改匹配条件中的产品平台",精分析报告,分析员,模板列表自动更新,,,,
TC-211,切换失效类型模板列表实时更新,"1. 打开精分析报告弹窗
2. 修改匹配条件中的失效类型",精分析报告,分析员,模板列表自动更新,,,,
TC-212,无匹配模板时提示,"1. 创建一个无匹配模板的退件
2. 打开精分析报告弹窗",精分析报告,分析员,显示「未找到匹配的模板」提示,,,,
TC-213,精分析 photo 字段上传单张图片,"1. 打开含 photo 类型字段的精分析报告
2. 上传一张图片",精分析报告,分析员,图片上传成功，显示预览,,,,
TC-214,精分析 photolist 字段上传多张图片,"1. 打开含 photolist 类型字段的精分析报告
2. 上传多张图片",精分析报告,分析员,所有图片上传成功，显示预览列表,,,,
TC-215,精分析报告预览已上传图片,1. 点击已上传的图片缩略图,精分析报告,分析员,弹出大图预览,,,,
TC-216,精分析报告 photo 字段拍照上传,"1. 打开含 photo 字段的精分析报告
2. 点击「拍照」
3. 完成拍照",精分析报告,分析员,拍照图片自动上传并显示预览,,,,
TC-217,精分析报告拍照与上传图片共存,"1. 在 photo/photolist 字段先上传一张图片
2. 再拍照一张",精分析报告,分析员,两种方式添加的图片共存显示,,,,
TC-218,精分析报告已审批时禁止上传图片,"1. 打开已审批通过的精分析报告
2. 查看 photo/photolist 字段",精分析报告,分析员,上传和拍照按钮不可见或禁用,,,,
TC-219,撤回后报告卡片显示「已撤回」,"1. 提交精分析报告后撤回
2. 查看退件详情页右侧报告卡片",精分析报告,分析员,报告状态标签显示灰色「已撤回」,,,,
TC-220,撤回后状态步骤条显示「进行中」,"1. 提交精分析报告后撤回
2. 查看退件详情页状态流程",精分析报告,分析员,精分析步骤显示「进行中」,,,,
TC-221,撤回后英文环境标签显示 Withdrawn,"1. 切换语言为 English
2. 查看已撤回报告卡片",精分析报告,分析员,报告状态标签显示灰色「Withdrawn」,,,,
TC-222,分析师可暂存报告,"1. 以退件指定的分析师登录
2. 打开精分析报告弹窗
3. 填写部分内容
4. 点击「暂存」",精分析报告,分析员,暂存成功，报告状态为草稿,,,,
TC-223,分析师可提交报告,"1. 以分析师身份打开报告
2. 填写完整内容
3. 点击「提交审批」",精分析报告,分析员,提交成功，退件进入「精分析报告已提交」,,,,
TC-224,分析师可上传报告照片,"1. 以分析师身份打开报告
2. 在 photo/photolist 字段上传照片",精分析报告,分析员,上传/拍照按钮可见，照片上传成功,,,,
TC-225,分析师可撤回报告,"1. 以分析师身份提交报告后
2. 点击「撤回」",精分析报告,分析员,撤回按钮可见，撤回成功,,,,
TC-226,非分析师不可暂存报告,"1. 以非该退件分析师的用户登录
2. 打开精分析报告弹窗
3. 查看底部按钮",精分析报告,客户质量工程师,看不到「暂存」按钮,,,,
TC-227,非分析师不可提交报告,"1. 以非分析师用户打开报告
2. 查看底部按钮",精分析报告,客户质量工程师,看不到「提交审批」按钮,,,,
TC-228,非分析师报告表单只读,"1. 以非分析师用户打开报告
2. 查看所有表单字段",精分析报告,客户质量工程师,所有输入控件置灰不可编辑,,,,
TC-229,非分析师不可上传报告照片,"1. 以非分析师用户打开报告
2. 查看 photo/photolist 字段",精分析报告,客户质量工程师,上传/拍照按钮不可见,,,,
TC-230,非分析师可查看报告内容,"1. 以非分析师用户打开报告
2. 查看报告内容",精分析报告,客户质量工程师,报告内容完整可见，仅不可编辑,,,,
TC-231,非分析师可下载报告,"1. 以非分析师用户打开报告
2. 点击「下载报告」",精分析报告,客户质量工程师,下载按钮可见且可用，可正常下载,,,,
TC-232,未指定分析师时允许操作报告,"1. 打开分析师为空的退件的精分析报告
2. 尝试暂存/提交",精分析报告,分析员,暂存/提交按钮可见，操作正常,,,,向后兼容
TC-233,退件详情报告卡片显示驳回原因,"1. 审批驳回一份精分析报告（填写驳回原因）
2. 进入退件详情页
3. 查看右侧报告信息卡片",精分析报告,分析员 / 分析主管,状态标签显示红色「已驳回」，下方红色显示「驳回原因：XXX」,,,,
TC-234,精分析报告弹窗显示驳回原因,"1. 审批驳回一份精分析报告
2. 点击「精分析」按钮打开弹窗",精分析报告,分析员 / 分析主管,弹窗顶部显示红色提示框，内容为「驳回原因：XXX」,,,,
TC-235,驳回原因无值时不显示,"1. 查看一份已通过的精分析报告
2. 查看退件详情和报告弹窗",精分析报告,分析员 / 分析主管,不显示「驳回原因」字段,,,,
TC-236,驳回原因中英文显示,"1. 中文环境查看驳回原因标签
2. 切换英文环境查看",精分析报告,分析员 / 分析主管,中文显示「驳回原因」，英文显示「Reject Reason」,,,,
TC-237,进入分析单列表,"1. 登录系统
2. 点击左侧菜单「分析单管理」",分析单与抽样,分析员,进入分析单列表页，显示退货单号、分析师、状态,,,,
TC-238,分析单列表点击退货单号跳转,"1. 进入分析单列表
2. 点击某条记录的退货单号链接",分析单与抽样,分析员,跳转至对应退货单详情页,,,,
TC-239,分析单列表支持列排序,1. 分别点击各列表头排序,分析单与抽样,分析员,所有列均支持排序，升序/降序切换正常,,,,
TC-240,Analyst 仅看到自己负责的分析单,"1. 以 Analyst 角色登录
2. 进入分析单列表",分析单与抽样,分析员,仅显示该 Analyst 负责的分析单,,,,
TC-241,QMC Leader/Manager 可看全部分析单,"1. 以 QMC Leader 或 Manager 角色登录
2. 进入分析单列表",分析单与抽样,分析主管 / QMC 经理,显示所有分析单,,,,
TC-242,分析单详情显示 3 步状态步骤条,1. 打开任意分析单详情,分析单与抽样,分析员,右侧显示 3 步步骤条（待抽样→精分析→WorkON 报废），精分析步骤显示子状态,,,,
TC-243,分析单详情显示关联退件列表,1. 打开分析单详情,分析单与抽样,分析员,显示该分析单下的退件信息列表（含抽样状态列）,,,,
TC-244,分析单详情退件列表支持搜索/排序/分页,1. 在分析单详情的退件列表中输入关键词、点击列头排序、切换分页,分析单与抽样,分析员,搜索、排序、分页功能均正常,,,,
TC-245,分析单详情点击零件编号跳转,1. 点击退件列表中的零件编号链接,分析单与抽样,分析员,跳转至对应退件信息详情页,,,,
TC-246,退件列表未提交编号灰色不可点击,1. 查看退件列表中未提交（无零件编号）的记录,分析单与抽样,分析员,零件编号列显示灰色「未提交」，不可点击,,,,
TC-247,退件列表已提交编号蓝色可点击,"1. 查看退件列表中已提交（有零件编号）的记录
2. 点击零件编号",分析单与抽样,分析员,零件编号显示为蓝色链接，点击跳转至退件详情,,,,
TC-248,待抽样分析单打开抽样弹窗,"1. 进入「待抽样」状态的分析单
2. 点击「抽样」按钮",分析单与抽样,分析员,弹出抽样管理弹窗，默认选中「开始抽样」，可切换为「不抽样」,,,,
TC-249,选择「不抽样」,"1. 抽样弹窗中选择「不抽样」
2. 点击「确认不抽样」",分析单与抽样,分析员,显示警告提示，确认后分析单状态流转，弹窗关闭,,,,
TC-250,抽样比例与抽样数联动,1. 抽样弹窗中输入抽样比例（如 50%）,分析单与抽样,分析员,抽样数自动计算；反向输入抽样数时比例也同步更新,,,,
TC-251,随机抽样,"1. 设置抽样数
2. 点击「随机抽样」",分析单与抽样,分析员,穿梭框右侧随机选中对应数量的退件，提示「已随机抽取 N 个退件信息」,,,,
TC-252,穿梭框手动抽样,"1. 在穿梭框中手动将退件从左侧移到右侧
2. 确认抽样",分析单与抽样,分析员,所选件标记为已抽样，分析单进入「精分析中」,,,,
TC-253,查看抽样结果,"1. 进入已完成抽样的分析单
2. 点击「查看抽样结果」",分析单与抽样,分析员,弹出只读抽样弹窗，穿梭框禁用，显示已完成抽样提示,,,,
TC-254,QMC Leader 重新抽样,"1. 以 QMC Leader 查看抽样结果
2. 点击「重新抽样」",分析单与抽样,分析主管,切换到可编辑模式，显示重新抽样警告，可修改抽样选择,,,,
TC-255,穿梭框显示零件与业务信息,1. 打开抽样弹窗,分析单与抽样,分析员,穿梭框每行显示零件号、业务单元/产品平台；标题显示已选/总数统计,,,,
TC-256,穿梭框查看退件详情,"1. 打开抽样弹窗
2. 点击某退件行后的「查看」按钮",分析单与抽样,分析员,弹出退件信息详情弹窗，显示编号、零件号、业务单元等信息,,,,
TC-257,抽样弹窗按生产日期过滤,"1. 打开抽样弹窗
2. 在生产日期范围选择器中选择日期范围",分析单与抽样,分析员,穿梭框左侧仅显示生产日期在范围内的退件,,,,
TC-258,抽样弹窗按行驶里程过滤,"1. 打开抽样弹窗
2. 拖动行驶里程滑块选择范围",分析单与抽样,分析员,穿梭框左侧仅显示行驶里程在范围内的退件,,,,
TC-259,抽样弹窗清空过滤条件,"1. 设置生产日期和里程范围过滤
2. 清空过滤条件",分析单与抽样,分析员,穿梭框左侧恢复显示全部退件,,,,
TC-260,执行分析单报废,"1. 进入非「待抽样/报废中/已报废」状态的分析单
2. 确认退件满足报废条件
3. 点击「报废」",分析单与抽样,分析员,分析单进入「WorkOn 报废中」，报废按钮隐藏,,,,
TC-261,不满足报废条件时报废被拒,"1. 分析单下存在「已抽样但未完成精分析审批」的退件
2. 点击「报废」",分析单与抽样,分析员,提示不满足报废条件的退件列表，报废被拒,,,,
TC-262,全部未抽样时报废成功,"1. 分析单下所有退件均为未抽样
2. 点击「报废」",分析单与抽样,分析员,报废成功，分析单进入「WorkOn 报废中」,,,,
TC-263,全部已完成精分析审批时报废成功,"1. 分析单下所有已抽样件均完成精分析审批
2. 点击「报废」",分析单与抽样,分析员,报废成功，分析单进入「WorkOn 报废中」,,,,
TC-264,报废后所有退件进入「报废中」,"1. 含抽样件和未抽样件的分析单执行报废
2. 查看该分析单下各退件状态",分析单与抽样,分析员,所有关联退件（含未抽样件）状态均变为「报废中」,,,,
TC-265,WorkOn 确认完成报废,"1. 进入「WorkOn 报废中」状态的分析单
2. 点击「WorkOn 确认」",分析单与抽样,分析员,分析单进入「WorkOn 已报废」,,,,
TC-266,WorkOn 确认需填写报废单号,"1. 进入报废处理弹窗
2. 选择「已 WorkON 报废」
3. 不输入报废单号直接提交",分析单与抽样,分析员,提示「请输入 WorkON 报废单号」，不发送请求,,,,
TC-267,WorkOn 已报废后只读展示报废单号,"1. 进入已报废的分析单
2. 打开报废处理弹窗",分析单与抽样,分析员,弹窗中只读展示 WorkON 报废单号,,,,
TC-268,同一退货单同一分析师复用同一条分析单,"1. 在同一退货单下为同一分析师新增第二个退件
2. 查看分析单列表",分析单与抽样,分析员,不新增分析单，仍归到原有的同一条分析单,,,,
TC-269,所有抽样件报告提交后分析单进入审批,"1. 分析单下所有抽样件均已提交报告
2. 提交最后一件报告",分析单与抽样,分析员 / 分析主管,分析单状态自动变为「审批中」,,,,
TC-270,所有抽样件报告通过后分析单变为已完成,"1. 分析单下所有抽样件均处于待审批
2. 审批通过最后一件",分析单与抽样,分析员 / 分析主管,分析单状态自动变为「精分析/已完成」,,,,
TC-271,仍有抽样件未提交/未通过时分析单状态不变,"1. 分析单下仍有抽样件处于精分析进行中或待审批
2. 提交/通过其中一件",分析单与抽样,分析员 / 分析主管,分析单状态保持不变,,,,
TC-272,报告驳回后退件与分析单回退,"1. 分析单处于「审批中」
2. 驳回其中一件报告",分析单与抽样,分析员 / 分析主管,该退件回到「精分析/进行中」，分析单回到「精分析中」,,,,
TC-273,分析单列表搜索触发查询,"1. 进入分析单列表
2. 输入搜索关键词
3. 点击搜索",分析单与抽样,分析员,触发查询，返回匹配结果,,,,
TC-274,已结束录入退货单下的分析单正常显示,1. 进入已结束录入退货单对应的分析单列表,分析单与抽样,分析员,正确显示该退货单下的分析单,,,,
TC-275,0km 退货单分析单显示 0km 标签,1. 打开 0km 投诉类型退货单的分析单详情,分析单与抽样,分析员,显示 0km 标签/标识,,,,
TC-276,非 BA40 投诉类型不允许抽样,"1. 进入投诉类型非 BA40 的分析单
2. 尝试抽样",分析单与抽样,分析员,不允许抽样（非 BA40 投诉类型跳过抽样）,,,,
TC-277,查看我的申请列表,"1. 进入审批页面
2. 切换到「我的申请」标签页",审批流程,分析员,显示当前用户提交的申请,,,,
TC-278,申请状态颜色标识,1. 查看申请列表,审批流程,分析员,状态标签颜色正确（待审批=橙色，已通过=绿色，已驳回=红色）,,,,
TC-279,查看申请详情,1. 点击某条申请,审批流程,分析员,显示申请详细信息,,,,
TC-280,查看我的审批列表,"1. 以 QMC Leader 进入审批页面
2. 切换到「我的审批」标签页",审批流程,分析主管 / 系统管理员,显示待审批和已审批（通过/驳回）的申请记录,,,,
TC-281,审批列表空状态提示,1. 无审批记录时查看「我的审批」,审批流程,分析主管 / 系统管理员,显示「暂无审批记录」提示,,,,
TC-282,按状态筛选审批记录,"1. 在「我的审批」标签页
2. 使用状态下拉筛选（全部/待审批/已通过/已驳回）",审批流程,分析主管 / 系统管理员,仅显示对应状态的审批记录,,,,
TC-283,已审批记录包含本用户审批的,"1. 当前 QMC Leader 已审批通过某报告
2. 查看「我的审批」列表",审批流程,分析主管 / 系统管理员,该报告在「已通过」筛选下可见,,,,
TC-284,审批列表图片字段以图片渲染,1. 在「我的审批」中查看含图片字段的报告,审批流程,分析主管 / 系统管理员,图片字段以图片预览形式渲染，非纯文本,,,,
TC-285,审批通过,"1. 在「我的审批」列表点击某条申请
2. 查看详情
3. 点击「审批通过」",审批流程,分析主管 / 系统管理员,申请状态变为「已通过」，退件变为「精分析完成」,,,,
TC-286,通过后申请在「已通过」可见,"1. 审批通过
2. 查看「我的审批」列表",审批流程,分析主管 / 系统管理员,该申请状态更新为「已通过」，在「已通过」筛选下可见,,,,
TC-287,审批驳回,"1. 在「我的审批」列表点击某条申请
2. 查看详情
3. 点击「审批驳回」
4. 输入驳回原因",审批流程,分析主管,申请状态变为「已驳回」，可重新编辑提交,,,,
TC-288,驳回后可编辑重新提交,"1. 审批驳回后
2. 进入精分析表单",审批流程,分析员,可以编辑并重新提交,,,,
TC-289,仪表盘统计卡片显示,"1. 进入仪表盘页面
2. 查看统计卡片",工作台与报表,客户质量工程师,显示退货单总量、退件信息总量、任务待处理、分析完成率,,,,
TC-290,点击统计卡片跳转,1. 点击各统计卡片,工作台与报表,客户质量工程师,跳转到对应列表页面,,,,
TC-291,待办任务卡片不可点击,1. 尝试点击「待办任务」统计卡片,工作台与报表,客户质量工程师,卡片无点击响应，光标无手型样式,,,,
TC-292,统计卡片数值颜色与图标,1. 查看各统计卡片,工作台与报表,客户质量工程师,总退货单蓝色、总退件信息绿色、待办任务橙色、完成率紫色；各卡片前缀图标正确,,,,
TC-293,任务中心显示待办任务,"1. 进入仪表盘页面
2. 查看任务中心",工作台与报表,客户质量工程师,显示所有待处理任务,,,,
TC-294,任务优先级颜色标识,1. 查看任务列表,工作台与报表,客户质量工程师,紧急任务红色、高优先级橙色、中优先级蓝色、低优先级灰色,,,,
TC-295,点击任务跳转并应用筛选,"1. 点击某个任务
2. 查看跳转结果",工作台与报表,客户质量工程师,跳转到对应页面并自动应用筛选条件,,,,
TC-296,任务中心无任务时提示,1. 数据库无待办任务时刷新仪表盘,工作台与报表,客户质量工程师,任务中心列表为空或显示「暂无任务」,,,,
TC-297,趋势图表显示,"1. 进入仪表盘/报表页面
2. 查看趋势图",工作台与报表,客户质量工程师,正确显示折线图（退货单、退件信息双系列）,,,,
TC-298,趋势图时间范围切换,"1. 切换时间范围（日/周/月/年）
2. 查看图表变化",工作台与报表,客户质量工程师,图表数据相应更新，X 轴显示月-日,,,,
TC-299,趋势图鼠标悬停显示数值,1. 鼠标悬停在图表数据点上,工作台与报表,客户质量工程师,显示该日期退货单和退件信息的具体数量,,,,
TC-300,点击「待初分析」任务跳转退货单列表,"1. 进入仪表盘
2. 点击「待初分析」任务",工作台与报表,客户质量工程师,跳转退货单列表，并提示已应用任务筛选,,,,
TC-301,点击「待精分析」任务跳转退件列表,"1. 进入仪表盘
2. 点击「待精分析」任务",工作台与报表,客户质量工程师,跳转退件信息列表，并自动应用筛选,,,,
TC-302,点击「精分析预警」任务跳转,"1. 进入仪表盘
2. 点击「精分析预警」任务",工作台与报表,客户质量工程师,跳转退件信息列表，并自动应用预警筛选,,,,
TC-303,点击「精分析超期」任务跳转,"1. 进入仪表盘
2. 点击「精分析超期」任务",工作台与报表,客户质量工程师,跳转退件信息列表，并自动应用超期筛选,,,,
TC-304,点击「精分析报告待审批」任务跳转审批页,"1. 进入仪表盘
2. 点击「精分析报告待审批」任务",工作台与报表,客户质量工程师,跳转审批页并自动切换到待审批标签页,,,,
TC-305,点击「报废审批确认」任务跳转分析单,"1. 进入仪表盘
2. 点击「报废审批确认」任务",工作台与报表,客户质量工程师,跳转分析单列表，并自动应用筛选,,,,
TC-306,帮助手册 FAQ 链接可用,"1. 进入仪表盘
2. 点击「帮助手册 FAQ」",工作台与报表,客户质量工程师,跳转 /help 页面，展示可访问帮助链接列表,,,,待测试
TC-307,IQIS/SAP 未配置时提示,"1. 未配置 IQIS/SAP 链接
2. 点击对应快捷入口",工作台与报表,客户质量工程师,提示「链接未配置，请联系管理员补充地址」,,,,
TC-308,快捷登记退货单,"1. 进入仪表盘
2. 点击「快捷登记退货单」",工作台与报表,客户质量工程师,跳转新建退货单页面,,,,
TC-309,快捷新建退件信息,"1. 进入仪表盘
2. 点击「新建退件信息」",工作台与报表,客户质量工程师,跳转新建退件信息页面,,,,
TC-310,快捷进入数据统计,"1. 进入仪表盘
2. 点击「数据统计」",工作台与报表,客户质量工程师,跳转统计报表页面,,,,
TC-311,WorkON 报废快捷入口,"1. 进入仪表盘
2. 点击「WorkON 报废」",工作台与报表,客户质量工程师,在新标签页打开 WorkON 报工单页面,,,,
TC-312,Lessons Learned 快捷入口,"1. 进入仪表盘
2. 点击「Lessons Learned」",工作台与报表,客户质量工程师,在新标签页打开 LL 系统,,,,
TC-313,外部链接在新标签页打开,"1. 点击 WorkON 或 LL 快捷入口
2. 检查浏览器行为",工作台与报表,客户质量工程师,链接在新标签页打开，原页面保持不变,,,,
TC-314,Analyst 仅看到自己相关统计,"1. 以 Analyst 角色登录
2. 查看仪表盘统计卡片",工作台与报表,分析员,统计数据仅包含该 Analyst 负责的退件/分析单,,,,
TC-315,Analyst 任务中心仅看自己任务,"1. 以 Analyst 角色登录
2. 查看任务中心",工作台与报表,分析员,仅显示该 Analyst 负责的待办任务,,,,
TC-316,QMC Leader/Manager 看全部统计与任务,"1. 以 QMC Leader 或 Manager 角色登录
2. 查看仪表盘",工作台与报表,分析主管 / QMC 经理,统计和任务显示全部数据,,,,
TC-317,仪表盘响应式布局,"1. 将浏览器窗口调整为手机宽度（<768px）
2. 查看仪表盘布局",工作台与报表,客户质量工程师,统计卡片单列、快捷入口两列、图表与任务中心上下排列,,,,
TC-318,仪表盘各模块加载状态,1. 限速网络下打开仪表盘,工作台与报表,客户质量工程师,统计卡片、趋势图、任务中心分别显示 loading，数据返回后正常展示,,,,
TC-319,后端响应慢时仪表盘降级,"1. 模拟后端接口响应超过 3 秒
2. 查看仪表盘",工作台与报表,客户质量工程师,统计卡片显示默认值、任务中心显示空列表，不阻塞页面,,,,
TC-320,新增客户,"1. 进入设置-客户管理
2. 点击新增客户
3. 填写客户名称和代码
4. 保存",系统设置,系统管理员,客户创建成功,,,,
TC-321,编辑客户,"1. 点击某客户的编辑按钮
2. 修改信息
3. 保存",系统设置,系统管理员,客户信息更新成功,,,,
TC-322,删除客户,"1. 点击某客户的删除按钮
2. 确认删除",系统设置,系统管理员,客户删除成功,,,,
TC-323,客户代码唯一性,"1. 新增客户
2. 使用已存在的客户代码",系统设置,系统管理员,提示客户代码已存在,,,,
TC-324,责任工程师下拉显示用户列表,"1. 打开新建退件信息表单
2. 查看「责任工程师」下拉框",系统设置,分析员,下拉框显示所有用户选项,,,,待测试
TC-325,加载已有邮件服务器配置,"1. 进入设置-邮件服务器
2. 查看配置表单",系统设置,系统管理员,显示已保存的邮件配置（如存在）,,,,
TC-326,无邮件配置时的初始状态,"1. 数据库无邮件配置
2. 进入设置-邮件服务器",系统设置,系统管理员,表单显示默认值（端口 25，SSL 关闭）,,,,
TC-327,保存新邮件配置,"1. 填写 SMTP 服务器、端口 25、发件邮箱、密码
2. 点击保存配置",系统设置,系统管理员,保存成功，提示「配置保存成功」,,,,
TC-328,邮件配置必填项校验,"1. 不填 SMTP 服务器/发件邮箱/邮箱密码
2. 点击保存",系统设置,系统管理员,表单校验失败，提示必填项,,,,
TC-329,发件邮箱格式校验,"1. 发件邮箱填写非法格式（如 test）
2. 点击保存",系统设置,系统管理员,提示「请输入正确的邮箱地址」,,,,
TC-330,测试邮件连接成功,"1. 保存有效配置后
2. 点击测试连接
3. 输入测试邮箱
4. 确定",系统设置,系统管理员,测试邮件发送成功，显示成功提示,,,,
TC-331,测试邮件连接失败,"1. 配置错误的服务器
2. 点击测试连接",系统设置,系统管理员,显示错误提示，包含失败原因,,,,
TC-332,测试连接邮箱必填与格式校验,"1. 点击测试连接
2. 不填测试邮箱或填非法格式
3. 确定",系统设置,系统管理员,提示「请输入测试邮箱地址」或「请输入正确的邮箱地址」,,,,
TC-333,未保存配置时禁止测试连接,"1. 修改配置但未保存
2. 点击测试连接",系统设置,系统管理员,测试按钮禁用或提示「请先保存配置」,,,,
TC-334,修改并保存已有邮件配置,"1. 加载已有配置
2. 修改部分字段
3. 保存",系统设置,系统管理员,更新成功，显示更新后的配置,,,,
TC-335,发件人显示名称生效,"1. 填写发件人显示名称
2. 保存配置
3. 发送测试邮件",系统设置,系统管理员,邮件发件人显示为「显示名称 <邮箱>」格式,,,,
TC-336,刷新后邮件配置保持,"1. 保存配置
2. 刷新页面",系统设置,系统管理员,配置保持不变,,,,
TC-337,责任判定通知（B）,"1. 创建精分析报告
2. 责任方选择 B
3. 提交报告",系统设置,系统管理员 / 分析员,发送邮件给分析师和责任工程师，抄送 QMC Leader,,,,
TC-338,责任判定通知（O）,"1. 创建精分析报告
2. 责任方选择 O
3. 提交报告",系统设置,系统管理员 / 分析员,发送邮件给分析师和责任工程师，抄送 QMC Leader,,,,
TC-339,责任判定为空时不发通知,"1. 创建精分析报告
2. 不填写责任方
3. 提交报告",系统设置,系统管理员 / 分析员,不发送邮件,,,,
TC-340,邮件配置缺失时静默不报错,"1. 数据库无邮件服务器配置
2. 触发责任判定提交",系统设置,系统管理员,不抛异常，不发送邮件，系统正常运行,,,,
TC-341,精分析预警通知触发,"1. 退件进入「精分析/进行中」满 13 天且未满 21 天
2. 等待定时任务执行",系统设置,系统管理员 / 分析员,分析师收到预警邮件,,,,
TC-342,预警通知每天最多一次,"1. 已发送过预警
2. 同一天内定时任务再次执行",系统设置,系统管理员 / 分析员,不重复发送预警邮件,,,,
TC-343,超期后不再发预警,"1. 退件进入「精分析/进行中」满 21 天
2. 等待定时任务执行",系统设置,系统管理员 / 分析员,不再发预警邮件（改为发超时邮件）,,,,
TC-344,精分析超时通知触发,"1. 退件进入「精分析/进行中」满 21 天
2. 等待定时任务执行",系统设置,系统管理员 / 分析员,分析师收到超时邮件，抄送 QMC Leader,,,,
TC-345,超时通知每 3 天最多一次,"1. 已发送过超时通知
2. 未满 3 天定时任务再次执行",系统设置,系统管理员 / 分析主管,不重复发送超时邮件,,,,
TC-346,审批超期提醒触发,"1. 退件进入「精分析审批/进行中」满 3 天
2. 等待定时任务执行",系统设置,系统管理员 / 分析主管,QMC Leader 收到审批提醒邮件,,,,
TC-347,审批超期提醒每 3 天最多一次,"1. 已发送过审批提醒
2. 未满 3 天定时任务再次执行",系统设置,系统管理员 / 分析主管,不重复发送审批提醒,,,,
TC-348,审批完成后不再提醒,"1. 退件从「精分析审批/进行中」变为「已完成」
2. 定时任务执行",系统设置,系统管理员 / 分析主管,不再发送审批提醒,,,,
TC-349,邮件发送失败不影响系统运行,"1. 配置错误的 SMTP 服务器
2. 等待定时任务执行",系统设置,系统管理员,系统不崩溃，下一轮定时任务仍可执行,,,,
TC-350,SMB 首次无配置进入页面,"1. 数据库无 SMB 配置
2. 进入设置-SMB 存储配置",系统设置,系统管理员,表单显示为空（或默认值），无报错,,,,
TC-351,SMB 已有配置加载并密码脱敏,"1. 数据库已存在 SMB 配置
2. 进入设置-SMB 存储配置",系统设置,系统管理员,表单展示已保存配置，密码字段显示「******」,,,,
TC-352,保存 SMB 配置后立即可用,"1. 填写正确 SMB 配置
2. 保存
3. 立即上传/下载文件",系统设置,系统管理员,保存成功；文件操作成功，无需重启服务,,,,
TC-353,不改密码只改其他字段仍可用,"1. 加载已有配置（密码显示 ******）
2. 修改其他字段（不改密码）
3. 保存",系统设置,系统管理员,保存后文件操作仍可用,,,,
TC-354,SMB 密码错误后文件操作失败,"1. 将密码改为错误值
2. 保存
3. 上传/下载文件",系统设置,系统管理员,文件操作返回连接失败错误，系统不崩溃,,,,
TC-355,SMB 必填项校验,"1. 清空 host/shareName/user/password/prefix/env
2. 保存",系统设置,系统管理员,各必填项均有校验提示，不提交,,,,
TC-356,SMB 禁用后文件操作提示未配置,"1. 保存 enabled=false 的配置
2. 上传/下载文件",系统设置,系统管理员,返回 503，提示「SMB 未配置或已禁用」,,,,
TC-357,SMB 测试连接成功,"1. 配置正确 SMB 信息
2. 保存后点击测试连接",系统设置,系统管理员,显示成功提示,,,,
TC-358,SMB 测试连接失败,"1. 配置错误的 host 或密码
2. 保存后点击测试连接",系统设置,系统管理员,显示失败提示，包含错误原因,,,,
TC-359,SMB 未保存时测试连接禁用,"1. 修改配置但未保存
2. 查看测试连接按钮",系统设置,系统管理员,按钮禁用或提示「请先保存配置」,,,,
TC-360,SMB 首次无配置时文件操作提示,"1. 数据库无 SMB 配置
2. 上传/下载文件",系统设置,系统管理员,返回 503，提示「SMB 未配置或已禁用」,,,,待测试
TC-361,SMB 认证失败提示,"1. 配置正确 host/shareName 但错误用户名或密码
2. 保存
3. 上传文件",系统设置,系统管理员,前端显示 SMB 认证失败提示,,,,待测试
TC-362,退货单正常导入,"1. 打开「导入管理」页面
2. 点击「新建导入」
3. 选择导入类型「退货单」
4. 选择 Excel 文件
5. 点击确定",导入管理,系统管理员,显示成功数量等于数据行数，失败数为 0；退货单管理页面可查到新记录（状态为草稿，客户为 UNKNOWN）,,,,Excel 第 1 行标题、第 2 行表头、第 3 行起为数据
TC-363,退货单部分行导入失败,"1. 上传含空收货时间行的 Excel
2. 执行导入",导入管理,系统管理员,收货时间为空的行失败（提示「收货时间不能为空」），其余行正常创建；结果显示失败行号和错误信息,,,,
TC-364,查看历史导入记录,"1. 打开「导入管理」页面
2. 查看列表
3. 点击「查看日志」",导入管理,系统管理员,列表显示导入记录（文件名、类型、时间、总数/成功/失败）；可查看失败详情,,,,需先执行过一次导入
TC-365,导入日期格式兼容,"1. 上传含多种日期格式（yyyy-MM-dd / yyyy/MM/dd / Excel 数字序列）的 Excel
2. 执行导入",导入管理,系统管理员,所有日期格式均能正常解析，生成正确的收货日期和投诉日期,,,,
TC-366,MRB 号导入,"1. 上传含 MRB 号列的 Excel
2. 执行导入
3. 查看导入成功的退件详情",导入管理,系统管理员,退件「其他信息」字段显示「MRB 号：xxx」；MRB 号为空的行「其他信息」为空,,,,待测试
TC-367,导入不创建分析单,"1. 导入成功后
2. 查看分析单管理页面",导入管理,系统管理员,导入的退货单下无分析单记录，分析单页面不显示导入订单的分析单,,,,
TC-368,切换为英文界面,"1. 点击语言切换器
2. 切换到英文
3. 查看页面文本",基础功能,客户质量工程师,所有界面文本显示为英文,,,,
TC-369,切换回中文界面,"1. 点击语言切换器
2. 切换到中文
3. 查看页面文本",基础功能,客户质量工程师,所有界面文本显示为中文,,,,
TC-370,动态内容翻译保持不变,"1. 在中文模式下查看数据
2. 切换到英文",基础功能,客户质量工程师,数据中的中文（如客户名）保持不变,,,,
TC-371,切换用户（开发环境）,"1. 点击用户切换器
2. 选择不同用户",基础功能,客户质量工程师,当前用户变更，权限相应变更,,,,开发环境功能
TC-372,显示当前用户角色,"1. 切换用户
2. 查看显示的角色信息",基础功能,客户质量工程师,正确显示当前用户角色,,,,开发环境功能
TC-373,复制认证头,"1. 点击复制认证头
2. 粘贴到请求工具",基础功能,客户质量工程师,认证头复制成功,,,,开发环境功能
TC-374,新建退货单不残留上次表单,"1. 进入退货单列表
2. 点击「新建」填写部分字段后返回
3. 再次点击「新建」",基础功能,分析员,新建表单为空白初始状态，不显示上次填写的数据,,,,
TC-375,编辑后新建不残留编辑数据,"1. 打开某退货单「编辑」页
2. 返回列表
3. 点击「新建」",基础功能,分析员,新建表单为空白初始状态，不显示刚编辑订单的数据,,,,
TC-376,新建退件不残留上次表单,"1. 进入退件列表
2. 点击「新建」填写部分字段后返回
3. 再次点击「新建」",基础功能,分析员,新建表单为空白初始状态，不显示上次填写的数据,,,,
TC-377,返回箭头跳转逻辑父级,"1. 分别进入退货单详情、退件详情、分析单详情、精分析表单
2. 点击左上角返回箭头/取消",基础功能,分析员,全部跳转到对应逻辑父级页面，不依赖浏览器历史栈,,,,
TC-378,跨页面创建退件不残留旧表单,"1. 在退货单详情点「创建退件」进入退件创建页
2. 填写并提交
3. 回到退货单详情再次点「创建退件」",基础功能,分析员,第二次进入创建页为空白初始表单，提交后退件页自动离开新建页,,,,
