测试用例编号,测试标题,测试步骤,测试类别,预期结果,实际结果,执行人,执行日期,备注
TC-001,按退货单号查询,"1. 输入退货单号（支持模糊匹配）
2. 点击查询",功能测试,显示匹配的退货单列表,通过,XU Feiran,3/11/2026,
TC-002,按客户筛选,"1. 选择客户
2. 点击查询",功能测试,显示该客户的退货单,通过,XU Feiran,3/11/2026,
TC-003,按日期范围筛选,"1. 选择收件日期范围
2. 点击查询",功能测试,显示日期范围内的退货单,通过,XU Feiran,3/11/2026,
TC-004,分页功能,"1. 切换每页显示条数
2. 点击翻页",功能测试,正确显示对应页数据,通过,XU Feiran,3/11/2026,
TC-005,列排序,"1.点击列表头排序
2.切换升序/降序",功能测试,数据按选中字段排序,通过,XU Feiran,3/11/2026,
TC-006,重置查询,"1. 设置筛选条件
2. 点击重置",功能测试,筛选条件清空，显示全部数据,通过,XU Feiran,3/11/2026,
TC-007,正常创建,"1. 点击新建按钮
2. 填写必填项（客户、收件日期、退回数量）
3. 点击暂存",功能测试,退货单创建成功，状态为草稿,通过,XU Feiran,3/11/2026,
TC-008,新建页面无退件信息列表,"1. 点击新建退货单按钮
2. 查看页面内容",功能测试,新建页面只显示基本信息表单，不显示退件信息列表区域,通过,XU Feiran,5/29/2026,
TC-009,提交生成单号,"1. 新建退货单
2. 填写完整信息
3. 点击提交",功能测试,退货单提交成功，自动生成单号（格式：26QMC0001）,通过,XU Feiran,3/11/2026,
TC-010,必填项验证,"1. 不填写必填项
2. 点击提交",功能测试,表单验证失败，提示必填项,通过,XU Feiran,3/11/2026,
TC-011,日期限制,1. 收件日期选择未来日期,功能测试,验证失败，提示不能晚于当前日期,通过,XU Feiran,3/11/2026,
TC-012,创建BA20失效类型退货单,"1. 新建退货单
2. 选择""失效类型""为""BA20 - 0-km, uninstalled""
3. 填写其他信息
4. 点击暂存",功能测试,退货单创建成功，failureType字段值为BA20,通过,XU Feiran,5/29/2026,
TC-013,创建非BA20失效类型退货单,"1. 新建退货单
2. 选择""失效类型""为""BA40 - field product""
3. 填写其他信息
4. 点击暂存",功能测试,退货单创建成功，failureType字段值为BA40,通过,XU Feiran,5/29/2026,
TC-014,详情页显示失效类型,"1. 进入BA20退货单详情页
2. 查看基本信息",功能测试,"显示""失效类型：BA20""，并显示红色""0km""标签",通过,XU Feiran,5/29/2026,
TC-015,快递方式投诉日期禁用,"1. 新建退货单
2. 选择退回方式为""快递""
3. 查看投诉日期字段",功能测试,"投诉日期字段禁用，占位符显示""与收件日期一致""",通过,XU Feiran,5/29/2026,
TC-016,快递方式日期自动同步,"1. 新建退货单
2. 选择退回方式为""快递""
3. 填写收件日期为2026-03-10
4. 查看投诉日期",功能测试,投诉日期自动同步为2026-03-10,通过,XU Feiran,5/29/2026,
TC-017,快递方式修改收件日期同步,"1. 快递退货单已填写收件日期
2. 修改收件日期为2026-03-15
3. 查看投诉日期",功能测试,投诉日期自动更新为2026-03-15,通过,XU Feiran,5/29/2026,
TC-018,切换快递到自提日期独立,"1. 快递退货单（投诉日期已同步）
2. 切换退回方式为""自提""
3. 修改投诉日期",功能测试,投诉日期字段可编辑，可独立修改,通过,XU Feiran,5/29/2026,
TC-019,切换自提到快递日期同步,"1. 自提退货单（收件日期和投诉日期不同）
2. 切换退回方式为""快递""
3. 查看投诉日期",功能测试,投诉日期自动同步为收件日期,通过,XU Feiran,5/29/2026,
TC-020,自提方式日期独立,"1. 新建退货单
2. 选择退回方式为""自提""
3. 填写收件日期和投诉日期不同",功能测试,两个日期可以独立填写，无关联,通过,XU Feiran,5/29/2026,
TC-021,编辑草稿,"1. 创建草稿退货单
2. 点击编辑
3. 修改信息
4. 点击暂存",功能测试,编辑成功，信息更新,通过,XU Feiran,3/11/2026,
TC-022,编辑已提交（QMC Leader）,"1. QMC Leader登录
2. 进入已提交退货单
3. 点击编辑
4. 修改信息
5. 点击提交",功能测试,"编辑成功，信息更新，显示""提交""按钮",通过,XU Feiran,3/11/2026,
TC-023,编辑已提交（其他用户）,"1. 非QMC Leader用户登录
2. 查看已提交退货单详情页",权限测试,编辑按钮不可见,通过,XU Feiran,3/11/2026,
TC-024,取消编辑,"1. 进入编辑页面
2. 修改信息
3. 点击取消",功能测试,返回列表，修改不保存,通过,XU Feiran,3/11/2026,
TC-025,删除无退件信息的草稿,"1. 创建草稿退货单（无退件信息）
2. 选中记录
3. 点击删除
4. 确认删除",功能测试,显示简单确认对话框，删除成功，列表中不再显示,通过,XU Feiran,3/11/2026,
TC-026,删除已提交（QMC Leader）,"1. QMC Leader登录
2. 选中已提交退货单（无退件信息）
3. 点击删除
4. 确认删除",功能测试,删除成功，列表中不再显示,通过,XU Feiran,3/11/2026,
TC-027,删除已提交（其他用户）,"1. 非QMC Leader用户登录
2. 查看已提交退货单列表",权限测试,删除按钮不可见，无删除入口,通过,XU Feiran,3/11/2026,
TC-028,批量删除无退件信息草稿,"1. 选中多条草稿记录（无退件信息）
2. 点击删除
3. 确认删除",功能测试,"全部删除成功，显示""删除成功""提示",通过,XU Feiran,3/11/2026,
TC-029,批量删除含退件信息（全部有退件信息）,"1. 选中多条记录（全部有关联退件信息）
2. 点击删除",功能测试,显示警告对话框，列出所有订单号和退件信息数量，只有取消按钮,通过,XU Feiran,3/11/2026,
TC-030,批量删除含退件信息（部分有退件信息）,"1. 选中多条记录（部分有退件信息）
2. 点击删除",功能测试,显示警告对话框，列出有退件信息的订单号和数量，只有取消按钮,通过,XU Feiran,3/11/2026,
TC-031,批量删除含已提交（QMC Leader）,"1. QMC Leader登录
2. 选中草稿和已提交订单（均无退件信息）
3. 点击删除
4. 确认删除",功能测试,全部删除成功,通过,XU Feiran,3/11/2026,
TC-032,批量删除含已提交（其他用户）,"1. 非QMC Leader用户登录
2. 选中含已提交订单
3. 查看删除按钮",权限测试,删除按钮不可见,通过,XU Feiran,3/11/2026,
TC-033,提交生成单号,"1. 创建草稿退货单
2. 点击提交
3. 确认提交",状态测试,状态变为「已提交」，生成退货单号,通过,XU Feiran,3/11/2026,
TC-034,单号格式验证,"1. 提交退货单
2. 查看生成的退货单号",功能测试,格式为：{年份后两位}QMC{4位序号},通过,XU Feiran,3/11/2026,
TC-035,单号唯一性,"1. 创建多个退货单
2. 依次提交",功能测试,每个退货单号唯一，不重复,通过,XU Feiran,3/11/2026,
TC-036,草稿状态显示,"1. 创建退货单
2. 查看列表状态列",状态测试,显示「草稿」标签，灰色,通过,XU Feiran,3/11/2026,
TC-037,已提交状态显示,"1. 提交退货单
2. 查看列表状态列",状态测试,显示「已提交」标签，蓝色,通过,XU Feiran,3/11/2026,
TC-038,退件登记/已完成状态显示,"1. 结束录入退货单
2. 查看列表状态列",状态测试,显示「退件登记/已完成」标签，蓝色,通过,XU Feiran,6/2/2026,
TC-039,已报废状态显示,"1. 所有关联分析单完成报废
2. 查看列表状态列",状态测试,显示「已报废」标签，红色,通过,XU Feiran,6/2/2026,
TC-040,状态筛选查询,"1. 选择状态筛选
2. 分别选择草稿/已提交/退件登记/已报废
3. 点击查询",状态测试,仅显示对应状态的退货单,通过,XU Feiran,3/11/2026,
TC-041,详情页状态步骤条,"1. 进入退货单详情页
2. 查看状态步骤条",状态测试,正确显示 4 步步骤条：草稿→已提交→退件登记→已报废，已完成节点高亮,通过,XU Feiran,6/2/2026,
TC-042,状态不可逆,"1. 已提交退货单
2. 尝试回退到草稿状态",状态测试,无法回退，状态只能向前流转,通过,XU Feiran,3/11/2026,
TC-043,草稿状态可编辑,"1. 创建草稿退货单
2. 点击编辑",功能测试,可以编辑,通过,XU Feiran,3/11/2026,
TC-044,非草稿状态不可编辑（普通用户）,"1. 查看已提交/已登记退货单（非QMC Leader）
2. 查看编辑按钮",权限测试,编辑按钮不可见,通过,XU Feiran,3/11/2026,
TC-045,查看详情,"1. 点击退货单号链接
2. 查看详情页",功能测试,显示完整退货单信息和关联退件信息,通过,XU Feiran,3/11/2026,
TC-046,查看关联退件信息,"1. 进入退货单详情
2. 查看退件信息列表",功能测试,显示关联的所有退件信息,通过,XU Feiran,3/11/2026,
TC-047,查看状态步骤条,"1. 进入退货单详情
2. 查看状态步骤条",状态测试,正确显示当前状态节点,通过,XU Feiran,3/11/2026,
TC-048,退件信息分页显示,"1. 进入有关联退件信息的退货单详情
2. 查看退件信息列表分页器",功能测试,显示分页器，每页显示默认数量（如10条）,通过,XU Feiran,3/11/2026,
TC-049,退件信息翻页功能,"1. 退件信息数量超过一页
2. 点击下一页按钮",功能测试,正确跳转到下一页，显示对应数据,通过,XU Feiran,3/11/2026,
TC-050,退件信息页码跳转,"1. 退件信息有多页
2. 点击具体页码",功能测试,跳转到指定页，显示对应数据,通过,XU Feiran,3/11/2026,
TC-051,退件信息每页条数切换,"1. 点击每页条数选择器
2. 选择不同数量（如20/50/100）",功能测试,每页显示对应数量的退件信息，分页器更新,通过,XU Feiran,3/11/2026,
TC-052,退件信息总数显示,1. 查看退件信息列表区域,功能测试,"显示""共 X 条""信息",通过,XU Feiran,3/11/2026,
TC-053,无退件信息显示,1. 进入无退件信息的退货单详情,功能测试,"显示""暂无退件信息""提示",通过,XU Feiran,3/11/2026,
TC-054,退件信息排序,"1. 点击退件信息列表表头
2. 按某字段排序",功能测试,列表按选中字段排序显示,通过,XU Feiran,3/11/2026,
TC-055,新增退件信息后刷新,"1. 在详情页新增退件信息
2. 返回详情页",功能测试,退件信息列表自动刷新，显示新数据,通过,XU Feiran,3/11/2026,
TC-056,导出全部数据,"1. 不设置筛选条件
2. 点击导出",功能测试,导出所有退货单数据,通过,XU Feiran,6/4/2026,
TC-057,导出筛选数据,"1. 设置筛选条件
2. 查询数据
3. 点击导出",功能测试,仅导出筛选后的数据,通过,XU Feiran,6/4/2026,
TC-058,文件格式验证,1. 打开导出的 Excel 文件,功能测试,文件格式正确，数据完整,通过,XU Feiran,6/4/2026,
TC-059,文件名,1. 执行导出,功能测试,文件名包含日期，格式为 ReturnOrders_YYYYMMDD.xlsx,通过,XU Feiran,6/4/2026,
TC-060,退货单已报废状态自动触发,"1. 创建退货单并提交
2. 结束录入
3. 所有关联分析单完成 WorkON 确认
4. 检查退货单状态",状态测试,退货单状态自动变更为「已报废」,通过,XU Feiran,6/4/2026,
TC-061,退货单部分报废保持已登记,"1. 退货单有 3 个分析单
2. 仅 2 个完成报废
3. 检查退货单状态",功能测试,退货单状态保持「退件登记/已完成」,通过,XU Feiran,6/4/2026,
TC-062,已报废退货单不可编辑,"1. 进入已报废退货单详情
2. 点击编辑按钮",权限测试,"提示""已报废的退货单不允许编辑""",通过,XU Feiran,6/4/2026,
TC-063,已报废退货单不可删除,"1. 已报废退货单
2. 调用删除接口",权限测试,返回错误，状态不变,通过,XU Feiran,6/4/2026,
TC-064,已报废退货单列表筛选,"1. 列表页筛选选择""已报废""
2. 查看列表结果",功能测试,仅显示已报废状态退货单,通过,XU Feiran,6/4/2026,
TC-065,已报废退货单详情展示,1. 进入已报废退货单详情,功能测试,显示红色标签和报废摘要（X/Y 分析单已报废）,通过,XU Feiran,6/4/2026,
TC-066,已报废退货单表单禁用,1. 已报废退货单详情页,功能测试,所有表单控件禁用，操作按钮隐藏,通过,XU Feiran,6/4/2026,
TC-067,已报废退货单状态回退,"1. 已报废退货单
2. 尝试修改状态",状态测试,不允许回退到其他状态,通过,XU Feiran,6/4/2026,
TC-068,结束录入按钮显示（draft）,1. 进入「草稿」状态的退货单详情,功能测试,显示「结束录入」按钮，但按钮为禁用（灰色不可点击）,通过,XU Feiran,6/4/2026,
TC-069,结束录入按钮显示（submitted）,1. 进入「已提交」状态且已有退件信息的退货单详情,功能测试,显示「结束录入」按钮，且按钮可用,通过,XU Feiran,6/4/2026,
TC-070,结束录入前确认弹窗,1. 点击「结束录入」按钮,功能测试,"弹出确认弹窗，警告""结束后将无法再添加或删除退件信息""",通过,XU Feiran,6/4/2026,
TC-071,结束录入成功,1. 确认结束录入,状态测试,退货单状态变为 registered（退件登记/已完成）,通过,XU Feiran,6/4/2026,
TC-072,自动创建分析单,"1. 退货单下有 3 条退件信息，分别指定 analyst 为 A、A、B
2. 结束录入",功能测试,创建 2 个分析单（A 和 B 各一个），分析单关联对应 analyst 的退件信息,通过,XU Feiran,6/4/2026,
TC-073,无退件信息时拒绝,"1. 退货单下无任何退件信息
2. 点击「结束录入」",功能测试,"提示""请先添加退件信息""，无法结束录入",通过,XU Feiran,6/4/2026,
TC-074,存在未提交退件时按钮禁用,"1. 进入「已提交」退货单详情
2. 添加退件信息并暂存（状态为 in_initial_analysis）
3. 查看「结束录入」按钮",功能测试,"按钮为禁用状态，鼠标悬停显示""存在未提交的退件，请先提交所有退件后再结束录入""",通过,XU Feiran,6/4/2026,
TC-075,部分退件未提交时按钮禁用,"1. 进入「已提交」退货单详情
2. 添加 3 条退件信息，提交 2 条，暂存 1 条（状态为 in_initial_analysis）
3. 查看「结束录入」按钮",功能测试,按钮为禁用状态，提示存在未提交退件,通过,XU Feiran,6/4/2026,
TC-076,全部退件已提交时按钮可用,"1. 进入「已提交」退货单详情
2. 添加退件信息并全部提交（状态为 initial_analysis_completed）
3. 查看「结束录入」按钮",功能测试,按钮为可用状态（蓝色可点击）,通过,XU Feiran,6/4/2026,
TC-077,未提交退件时 API 拒绝结束录入,"1. 退货单下有 in_initial_analysis 状态退件
2. 直接调用 POST /api/v1/return-orders/{id}/end-entry",接口测试,"返回 400，提示""N part(s) have not been submitted""",通过,XU Feiran,6/4/2026,
TC-078,结束后不可添加退件信息,"1. 结束录入后
2. 尝试点击「新增退件信息」",权限测试,「新增退件信息」按钮不可见或禁用,通过,XU Feiran,6/4/2026,
TC-079,结束后不可删除退件信息,"1. 结束录入后
2. 尝试删除退件信息",权限测试,删除按钮不可见,通过,XU Feiran,6/4/2026,
TC-080,已 registered 状态下按钮不可见,1. 进入已结束录入的退货单详情,权限测试,「结束录入」按钮不可见,通过,XU Feiran,6/4/2026,
TC-081,重复调用幂等性,"1. 已结束录入的退货单
2. 再次调用 POST /api/v1/return-orders/{id}/end-entry",接口测试,不重复创建分析单，返回成功,通过,XU Feiran,6/4/2026,
TC-082,0km 投诉类型分析单初始状态,"1. 投诉类型为 BA20 的退货单
2. 结束录入",功能测试,创建的分析单初始状态为 analysis_completed,通过,XU Feiran,6/4/2026,
TC-083,非 0km 投诉类型分析单初始状态,"1. 投诉类型为 BA40 的退货单
2. 结束录入",功能测试,创建的分析单初始状态为 pending_sampling,通过,XU Feiran,6/4/2026,
TC-084,draft 状态可添加,"1. 进入草稿退货单详情
2. 点击「新增退件信息」",功能测试,可正常添加,通过,XU Feiran,6/4/2026,
TC-085,submitted 状态可添加,"1. 进入已提交退货单详情
2. 点击「新增退件信息」",功能测试,可正常添加,通过,XU Feiran,6/4/2026,
TC-086,registered 状态不可添加,"1. 进入已结束录入的退货单详情
2. 查看添加按钮",权限测试,「新增退件信息」按钮不可见或禁用,通过,XU Feiran,6/4/2026,
TC-087,scrapped 状态不可添加,"1. 进入已报废退货单详情
2. 查看添加按钮",权限测试,「新增退件信息」按钮不可见或禁用,通过,XU Feiran,6/4/2026,
TC-088,新建时填写 otherInfo,"1. 新建退货单
2. 在「其他信息」字段输入内容
3. 保存",功能测试,保存成功，详情页显示 otherInfo 内容,通过,XU Feiran,6/4/2026,
TC-089,编辑时修改 otherInfo,"1. 编辑已有退货单
2. 修改「其他信息」
3. 保存",功能测试,保存成功，详情页更新,通过,XU Feiran,6/4/2026,
TC-090,详情页展示 otherInfo,1. 查看退货单详情,功能测试,otherInfo 字段正确显示，为空时显示 `-`,通过,XU Feiran,6/4/2026,
TC-091,按退货单号查询,"1. 输入关联订单号
2. 点击查询",功能测试,显示该退货单的退件信息,通过,XU Feiran,6/4/2026,
TC-092,按零件号查询,"1. 输入零件号
2. 点击查询",功能测试,显示该零件号的退件信息,通过,XU Feiran,6/4/2026,
TC-093,按业务单元筛选,"1. 选择业务单元
2. 点击查询",功能测试,显示该业务单元的退件信息,通过,XU Feiran,6/4/2026,
TC-094,按产品平台筛选,"1. 选择产品平台
2. 点击查询",功能测试,显示该产品平台的退件信息,通过,XU Feiran,6/4/2026,
TC-095,按状态筛选,"1. 选择状态
2. 点击查询",状态测试,显示该状态的退件信息,通过,XU Feiran,6/4/2026,
TC-096,按QC创建状态筛选,"1. 选择""已创建QC""
2. 点击查询",状态测试,仅显示已录入QC号的退件信息,通过,XU Feiran,6/4/2026,
TC-097,按分析师查询,"1. 输入分析师名称（支持模糊）
2. 点击查询",权限测试,仅显示匹配该分析师的退件信息,通过,XU Feiran,6/4/2026,
TC-098,按分析师查询（部分匹配）,"1. 输入分析师名称的部分字符
2. 点击查询",权限测试,模糊匹配，显示名称包含输入内容的记录,通过,XU Feiran,6/4/2026,
TC-099,按分析师查询（清空重置）,"1. 输入分析师名称并查询
2. 清空分析师输入框
3. 点击查询",权限测试,显示全部退件信息,通过,XU Feiran,6/4/2026,
TC-100,列表显示分析师列,1. 打开退件信息列表页,权限测试,"列表中显示""分析师""列，展示各退件信息的分析师信息",通过,XU Feiran,6/4/2026,
TC-101,分析师列排序,1. 点击分析师列表头排序,权限测试,列表按分析师字段升序/降序排列,通过,XU Feiran,6/4/2026,
TC-102,按生产日期范围筛选,"1. 选择生产日期范围
2. 点击查询",功能测试,仅显示生产日期在范围内的退件信息,通过,XU Feiran,6/4/2026,
TC-103,按行驶里程范围筛选（手动输入）,"1. 在公里数范围输入框填入下限 10,000、上限 80,000
2. 点击查询",功能测试,"仅显示行驶里程在 10,000–80,000 km 范围内的退件信息",通过,XU Feiran,6/4/2026,
TC-104,按行驶里程范围筛选（滑块拖拽）,"1. 拖动公里数范围滑块至任意位置
2. 点击查询",功能测试,滑块位置对应的实际公里数写入输入框，查询结果符合该范围,通过,XU Feiran,6/4/2026,
TC-105,行驶里程范围-仅设下限,"1. 在下限输入框输入 50,000
2. 上限输入框留空（显示""不限""）
3. 点击查询",功能测试,"显示行驶里程 ≥ 50,000 km 的所有退件信息，不设上限",通过,XU Feiran,6/4/2026,
TC-106,行驶里程范围-仅设上限,"1. 在上限输入框输入 100,000
2. 下限输入框留空（显示""不限""）
3. 点击查询",功能测试,"显示行驶里程 ≤ 100,000 km 的所有退件信息，不设下限",通过,XU Feiran,6/4/2026,
TC-107,行驶里程范围-不设限制,"1. 上下限输入框均留空（显示""不限""）
2. 点击查询",功能测试,不按里程过滤，显示全部退件信息,通过,XU Feiran,6/4/2026,
TC-108,行驶里程滑块非线性精度,"1. 拖动滑块手柄在 0–10 万 km 区间内微调
2. 观察对应实际公里数变化",功能测试,0–10 万 km 区间占滑块约 58% 长度，步进精度明显高于 10–30 万区间,通过,XU Feiran,6/4/2026,
TC-109,生产日期和里程范围清空,"1. 设置生产日期范围和里程范围
2. 点击重置",功能测试,"范围筛选条件清空，里程输入框恢复为""不限""，显示全部数据",通过,XU Feiran,6/4/2026,
TC-110,正常创建,"1. 从退货单详情点击""新增退件信息""
2. 填写必填项（关联订单、零件号）
3. 点击暂存",功能测试,"退件信息创建成功，状态为""待初分析""",通过,XU Feiran,6/4/2026,
TC-111,关联退货单预填,"1. 从退货单详情点击""新增退件信息""",功能测试,关联退货单自动填充,通过,XU Feiran,6/4/2026,
TC-112,必填项验证,"1. 不填写必填项
2. 点击暂存",功能测试,表单验证失败，提示必填项,通过,XU Feiran,6/4/2026,
TC-113,取消创建,"1. 填写部分信息
2. 点击取消",功能测试,返回列表，数据不保存,通过,XU Feiran,6/4/2026,
TC-114,退货单下拉仅显示已提交状态,"1. 直接访问""新建退件信息""页面（非从退货单详情进入）
2. 查看关联退货单下拉框",功能测试,下拉框仅显示状态为 submitted 的退货单，不显示 draft 的退货单,通过,XU Feiran,6/4/2026,
TC-115,新建模式不可选择已关闭订单,"1. 创建状态为 registered/scrapped 的退货单
2. 新建退件信息
3. 查看关联退货单下拉",功能测试,下拉框中不显示已关闭状态退货单,通过,XU Feiran,6/4/2026,
TC-116,otherInfo 可选填,"1. 新建退件信息
2. 在「其他信息」字段输入内容
3. 保存",功能测试,保存成功，详情页显示 otherInfo,通过,XU Feiran,6/4/2026,
TC-117,客户失效类型仅显示三项,"1. 打开新建退件信息表单
2. 查看「客户失效类型」下拉",功能测试,仅显示 NVH / 功能 / 外观 三个选项,通过,XU Feiran,6/4/2026,
TC-118,repairStation / complaintLocation 分为两个字段,"1. 打开新建退件信息表单
2. 查看「修复站点」和「投诉地点」",功能测试,两个字段独立显示，可分别填写,通过,XU Feiran,6/4/2026,
TC-119,普通用户编辑草稿,"1. 普通用户登录
2. 编辑草稿状态退件信息",功能测试,可以编辑,通过,XU Feiran,6/4/2026,
TC-120,普通用户编辑已提交,"1. 普通用户登录
2. 编辑已提交退件信息",权限测试,提示不可编辑或按钮禁用,通过,XU Feiran,6/4/2026,
TC-121,数据校订角色编辑已提交,"1. 切换为数据校订角色
2. 编辑已提交退件信息",权限测试,可以编辑,通过,XU Feiran,6/4/2026,
TC-122,编辑有效状态退货单的退件信息,"1. 创建状态为 draft/submitted 的退货单及关联退件信息
2. 编辑该退件信息
3. 查看关联退货单字段",功能测试,字段可正常编辑，下拉显示有效状态的退货单,通过,XU Feiran,6/4/2026,
TC-123,编辑已关闭订单的退件信息,"1. 关联的退货单状态变为 CLOSED
2. 编辑该退件信息
3. 查看关联退货单字段",状态测试,"关联退货单字段禁用，显示""关联的退货单状态不允许添加退件信息""提示",通过,XU Feiran,6/4/2026,
TC-124,暂存退件详情页显示编辑按钮,"1. 创建退件信息并暂存（状态为 in_initial_analysis）
2. 进入退件详情页",权限测试,显示「编辑」按钮（无需 QMC Leader 权限）,通过,XU Feiran,6/4/2026,
TC-125,暂存退件列表页显示编辑按钮,"1. 创建退件信息并暂存（状态为 in_initial_analysis）
2. 在退件列表页选中该记录",权限测试,编辑按钮可见（无需 QMC Leader 权限）,通过,XU Feiran,6/4/2026,
TC-126,暂存退件编辑页显示暂存和提交,"1. 创建退件信息并暂存（状态为 in_initial_analysis）
2. 点击编辑进入编辑页",功能测试,底部显示「暂存」和「提交」两个按钮,通过,XU Feiran,6/4/2026,
TC-127,删除未提交退件信息,"1. 创建未提交退件信息（partNumber为空）
2. 选中记录
3. 点击删除
4. 确认删除",功能测试,删除成功，列表中不再显示,通过,XU Feiran,6/4/2026,
TC-128,删除已提交退件信息（QMC Leader）,"1. QMC Leader登录
2. 选中已提交退件信息（partNumber不为空）
3. 点击删除
4. 确认删除",功能测试,删除成功，列表中不再显示,通过,XU Feiran,6/4/2026,
TC-129,删除已提交退件信息（其他用户）,"1. 非QMC Leader用户登录
2. 查看已提交退件信息列表",权限测试,删除按钮不可见，无删除入口,通过,XU Feiran,6/4/2026,
TC-130,删除按钮显示控制（未选中）,"1. 进入退件信息列表
2. 不选中任何记录",权限测试,删除按钮不可见,通过,XU Feiran,6/4/2026,
TC-131,删除按钮显示控制（选中1个未提交）,1. 选中1个未提交退件信息（partNumber为空）,功能测试,删除按钮可见,通过,XU Feiran,6/4/2026,
TC-132,删除按钮显示控制（选中1个已提交-普通用户）,"1. 非QMC Leader用户登录
2. 选中1个已提交退件信息（partNumber不为空）",权限测试,删除按钮不可见,通过,XU Feiran,6/4/2026,
TC-133,删除按钮显示控制（选中1个已提交-QMC Leader）,"1. QMC Leader登录
2. 选中1个已提交退件信息（partNumber不为空）",功能测试,删除按钮可见,通过,XU Feiran,6/4/2026,
TC-134,删除按钮显示控制（选中多个未提交）,1. 选中多个未提交退件信息,功能测试,删除按钮可见,通过,XU Feiran,6/4/2026,
TC-135,删除按钮显示控制（选中混合-普通用户）,"1. 非QMC Leader用户登录
2. 选中包含已提交和未提交的退件信息",权限测试,删除按钮不可见,通过,XU Feiran,6/4/2026,
TC-136,删除按钮显示控制（选中混合-QMC Leader）,"1. QMC Leader登录
2. 选中包含已提交和未提交的退件信息",功能测试,删除按钮可见,通过,XU Feiran,6/4/2026,
TC-137,批量删除未提交退件信息,"1. 选中多条未提交退件信息
2. 点击删除
3. 确认删除",功能测试,"全部删除成功，显示""删除成功""提示",通过,XU Feiran,6/4/2026,
TC-138,API权限校验,1. 非QMC Leader用户调用删除API,权限测试,返回403 Forbidden,通过,XU Feiran,6/4/2026,
TC-139,提交生成件号,"1. 创建退件信息
2. 填写完整信息
3. 点击提交",功能测试,自动生成退件信息号，格式：{BU}-{产品平台}-{4位序号}，如 `RBCABS-WSA-0001`,通过,XU Feiran,6/4/2026,
TC-140,件号唯一性,"1. 创建多个退件信息
2. 依次提交",功能测试,每个退件信息号唯一，不重复,通过,XU Feiran,6/4/2026,
TC-141,查看详情,"1. 点击退件信息号链接
2. 查看详情页",功能测试,显示完整退件信息信息,通过,XU Feiran,6/4/2026,
TC-142,查看状态步骤条,"1. 进入退件信息详情
2. 查看状态步骤条",状态测试,正确显示当前状态节点,通过,XU Feiran,6/4/2026,
TC-143,查看 QC 号区域,"1. 查看退件信息详情
2. 查看 QC 号输入区域",功能测试,状态符合时显示 QC 号输入框，已有值时展示,通过,XU Feiran,6/4/2026,
TC-144,查看 otherInfo,1. 查看退件信息详情,功能测试,otherInfo 字段正确显示，为空时显示 `-`,通过,XU Feiran,6/4/2026,
TC-145,信息录入中进行中-精分析按钮禁用,1. 进入 `in_initial_analysis` 状态退件详情页,权限测试,「精分析」按钮禁用（灰色不可点击）,通过,XU Feiran,6/5/2026,
TC-146,信息录入已完成-精分析按钮禁用,1. 进入 `initial_analysis_completed` 状态退件详情页,权限测试,「精分析」按钮禁用,通过,XU Feiran,6/5/2026,
TC-147,精分析已跳过-精分析按钮禁用,1. 进入 `analysis_skipped` 状态退件详情页（0km提交后退件）,权限测试,「精分析」按钮禁用,通过,XU Feiran,6/5/2026,
TC-148,已抽样+精分析进行中-精分析按钮可用,1. 进入 `in_detailed_analysis` 且 `isSample=1` 的退件详情页,权限测试,「精分析」按钮可用（蓝色可点击），点击进入精分析表单,通过,XU Feiran,6/5/2026,
TC-149,未抽样+精分析进行中-精分析按钮禁用,1. 进入 `in_detailed_analysis` 但 `isSample=0` 的退件详情页,权限测试,「精分析」按钮禁用,通过,XU Feiran,6/5/2026,
TC-150,精分析已提交-精分析按钮可用,1. 进入 `analysis_report_submitted` 状态退件详情页,权限测试,「精分析」按钮可用，点击查看已填写的报告,通过,XU Feiran,6/5/2026,
TC-151,精分析已完成-精分析按钮可用,1. 进入 `analysis_completed` 状态退件详情页,权限测试,「精分析」按钮可用，点击查看已填写的报告,通过,XU Feiran,6/5/2026,
TC-152,报废中-精分析按钮可用,1. 进入 `scrap_in_progress` 状态退件详情页,权限测试,「精分析」按钮可用，点击查看已填写的报告,通过,XU Feiran,6/5/2026,
TC-153,已报废-精分析按钮可用,1. 进入 `scrapped` 状态退件详情页,权限测试,「精分析」按钮可用，点击查看已填写的报告,通过,XU Feiran,6/5/2026,
TC-154,拍照入口,"1. 进入新建/编辑退件信息表单
2. 在 OCR 区域点击「拍照」按钮",功能测试,移动端直接调起后置相机；PC 端弹出文件选择器,通过,XU Feiran,6/4/2026,
TC-155,上传图片入口,"1. 在 OCR 区域点击「上传图片」按钮
2. 选择本地 jpg/png 图片",权限测试,弹出文件选择器，仅支持 jpg/png，最大 10MB,通过,XU Feiran,6/4/2026,
TC-156,文件格式校验,1. 尝试上传非图片文件（如 .pdf）,权限测试,后端返回错误，提示不支持的格式,通过,XU Feiran,6/4/2026,
TC-157,识别中状态显示,"1. 上传图片后
2. 观察 OCR 区域",权限测试,"显示图片缩略图 + Loading 遮罩 + ""正在识别，请稍候..."" + ""约需 30 秒""提示",通过,XU Feiran,6/4/2026,
TC-158,前端轮询,"1. 上传图片后
2. 抓包观察网络请求",权限测试,每 3 秒发起一次 `GET /ocr/tasks/{taskId}` 直到 SUCCESS 或 FAILED,通过,XU Feiran,6/4/2026,
TC-159,识别成功自动写入,"1. 等待 OCR 识别完成（约 30s）
2. 观察客诉信息字段",功能测试,识别到的字段自动填入对应表单控件，无需手动点击；识别区域显示绿色成功态及字段预览,通过,XU Feiran,6/4/2026,
TC-160,识别成功后端写入,"1. 编辑已有退件信息
2. 上传图片等待识别完成
3. 查询数据库 APMS_PART",权限测试,识别到的字段已写入 APMS_PART 对应列（null 字段不覆盖原有值）,通过,XU Feiran,6/4/2026,
TC-161,识别失败降级,"1. 多次上传图片触发随机失败（约 30% 概率）
2. 观察 OCR 区域",功能测试,"显示红色失败态，提示""OCR 识别失败，请手动填写""；客诉信息字段保持原值可手动编辑",通过,XU Feiran,6/4/2026,
TC-162,停止识别,"1. 上传图片开始识别
2. 识别中点击""停止识别""按钮",权限测试,停止轮询，OCR 区域恢复空闲状态,通过,XU Feiran,6/4/2026,
TC-163,图片大图预览,"1. 识别成功（或失败）后
2. 点击图片缩略图",权限测试,弹出全屏大图预览，可关闭,通过,XU Feiran,6/4/2026,
TC-164,新建模式任务绑定,"1. 新建退件信息，先上传 OCR 图片
2. 等待识别完成（表单已自动填充）
3. 点击""暂存""或""提交""",权限测试,后端创建 Part 时将 ocrTaskId 绑定至该 Part，APMS_OCR_TASK.PART_ID 更新为新 Part ID,通过,XU Feiran,6/4/2026,
TC-165,重新拍照/上传,"1. 识别完成后
2. 点击""拍照""或""上传图片""重新选图",功能测试,清除旧结果，重新进入上传流程,通过,XU Feiran,6/4/2026,
TC-166,上传单张照片,"1. 点击上传区域
2. 选择图片
3. 上传",功能测试,显示缩略图,通过,XU Feiran,6/5/2026,
TC-167,上传多张照片,1. 依次上传多张照片,功能测试,全部显示缩略图,通过,XU Feiran,6/5/2026,
TC-168,数量限制,1. 上传超过20张照片,功能测试,提示超过数量限制,通过,XU Feiran,6/5/2026,
TC-169,预览大图,1. 点击缩略图,功能测试,弹窗显示大图,通过,XU Feiran,6/5/2026,
TC-170,删除照片,1. 点击缩略图删除按钮,功能测试,照片被删除,通过,XU Feiran,6/5/2026,
TC-171,文件类型限制,1. 上传非图片文件,功能测试,提示文件类型不支持,通过,XU Feiran,6/5/2026,
TC-172,未创建时通过通用端点上传,"1. 新建退件信息前通过 POST /files/upload 上传图片
2. 创建退件信息",功能测试,图片自动移至 parts/{partId}/ 目录并关联,通过,XU Feiran,6/5/2026,
TC-173,已创建后直接关联上传,"1. 进入已有退件信息详情
2. 上传图片",功能测试,图片直接关联到该退件信息,通过,XU Feiran,6/5/2026,
TC-174,录入 QC 号（QMC Leader）,"1. QMC Leader 登录
2. 进入已完成退件信息详情
3. 输入 QC 号
4. 点击保存",功能测试,QC 号保存成功,通过,XU Feiran,6/5/2026,
TC-175,QC 号为空时任何人可编辑,"1. 普通用户登录
2. 进入 QC 号为空的退件信息详情
3. 输入 QC 号",功能测试,QC 号输入框可编辑，保存成功,通过,XU Feiran,6/5/2026,
TC-176,QC 号已有值时仅 QMC Leader 可编辑,"1. 普通用户登录
2. 进入 QC 号已填写的退件信息详情",功能测试,QC 号输入框只读,通过,XU Feiran,6/5/2026,
TC-177,保存后详情页更新,"1. 输入 QC 号并保存
2. 刷新详情页",功能测试,QC 号正确显示,通过,XU Feiran,6/5/2026,
TC-178,状态校验,"1. 在非""精分析完成""等状态输入 QC 号",功能测试,提示当前状态不可录入 QC 号,通过,XU Feiran,6/5/2026,
TC-179,analysis_skipped 状态可录入 QC 号,"1. 进入 analysis_skipped（0km 精分析已跳过）状态的退件信息详情
2. 输入 QC 号
3. 点击保存",功能测试,QC 号保存成功,通过,,,
TC-180,新建时可选填生产日期,"1. 打开新建退件信息表单
2. 找到「零件生产日期」字段（位于「生产班次」前）
3. 选择一个日期
4. 保存",功能测试,保存成功，详情页显示所选日期,通过,,,
TC-181,新建时不填生产日期,"1. 打开新建退件信息表单
2. 不填「零件生产日期」
3. 保存",功能测试,保存成功，详情页该字段显示 `-`,通过,XU Feiran,6/5/2026,
TC-182,编辑时修改生产日期,"1. 打开已有退件信息编辑表单
2. 修改「零件生产日期」
3. 保存",功能测试,保存成功，详情页更新为新日期,通过,XU Feiran,6/5/2026,
TC-183,导入不影响生产日期,"1. 使用标准 Excel 模板导入退件信息
2. 查看导入后的退件信息详情",导入测试,「零件生产日期」字段为空（显示 `-`），导入无报错,通过,XU Feiran,6/5/2026,
TC-184,0km 退货单新建退件信息,"1. 创建 complaintType=BA20 的退货单
2. 在该退货单下新建退件信息并暂存",功能测试,退件信息初始状态为 `in_initial_analysis`（信息录入/进行中）,通过,,,
TC-185,0km 退件提交后状态,"1. 暂存的 0km 退件信息
2. 点击提交",状态测试,状态变为 `analysis_skipped`（精分析/已跳过）,通过,,,
TC-186,非 0km 退货单新建退件信息,"1. 创建 complaintType=BA40 的退货单
2. 在该退货单下新建退件信息并暂存",功能测试,退件信息初始状态为 `in_initial_analysis`（信息录入/进行中）,通过,,,
TC-187,0km 件可触发报废流程,"1. 找到 analysis_skipped 状态的退件信息
2. 进入其分析单
3. 执行报废操作",权限测试,报废流程正常完成，无权限或状态错误,通过,,,
TC-188,0公里退货通知（创建时触发）,"1. 在 complaintType 为 BA20（或 BA35、BA42 等非 BA40/BA41）的退货单下新建退件信息
2. 检查通知日志：应有 0km 通知记录
3. 在 complaintType 为 BA40（或 BA41）的退货单下新建退件信息
4. 检查通知日志：无 0km 通知记录",通知测试,0km 类型：发送 0km 通知邮件给 RESPONSIBLE_ENGINEER 非 0km 类型（BA40/BA41）：不发送,通过,,,
TC-189,ComplaintTypeConstants 单元测试通过,运行 `ComplaintTypeConstantsTest`,功能测试,7条用例全部通过（BA40/BA41非0km，BA20/BA35/BA42是0km，null/空非0km）,通过,,,
TC-190,同一退货单内编号不可重复,"1. 在同一退货单下新建两条退件信息
2. 使用相同的零件编号
3. 提交",接口测试,后端返回错误，提示零件编号重复,通过,XU Feiran,6/5/2026,
TC-191,不同退货单间编号可重复,1. 在不同退货单下创建相同零件编号的退件信息,功能测试,创建成功，无报错,通过,XU Feiran,6/5/2026,
TC-192,编号格式带分隔符,1. 提交退件信息,功能测试,生成的编号格式为 BU-Category-NNNN（含横杠分隔符）,通过,XU Feiran,6/5/2026,
TC-193,新建时分别填写,"1. 新建退件信息
2. 分别填写「修复站点」和「投诉地点」",功能测试,两个字段独立保存,通过,,,
TC-194,编辑时分别修改,"1. 编辑退件信息
2. 只修改「修复站点」",功能测试,修复站点更新，投诉地点不变,通过,XU Feiran,6/5/2026,
TC-195,详情页分别展示,1. 查看退件信息详情,功能测试,「修复站点」和「投诉地点」分别显示，为空时显示 `-`,通过,XU Feiran,6/5/2026,
TC-196,OCR 识别字段映射,"1. OCR 识别图片
2. 查看识别结果字段映射",功能测试,repairStation 和 complaintLocation 分别映射到对应字段,通过,XU Feiran,6/5/2026,
TC-197,移动端调起相机,"1. 移动端浏览器中打开新建/编辑退件信息
2. 点击拍照按钮",功能测试,直接调起后置相机,通过,XU Feiran,6/5/2026,
TC-198,PC 端文件选择器,1. PC 端浏览器中点击拍照按钮,功能测试,弹出文件选择器，仅支持 jpg/png,通过,XU Feiran,6/5/2026,
TC-199,拍照后预览,1. 拍照完成,功能测试,显示图片缩略图预览,通过,XU Feiran,6/5/2026,
TC-200,与上传图片共存,"1. 先上传图片
2. 再拍照",功能测试,两种方式添加的图片共存显示,通过,XU Feiran,6/5/2026,
TC-201,导出全部数据,"1. 不设置筛选条件
2. 点击导出",功能测试,导出所有售后件数据,通过,XU Feiran,6/5/2026,
TC-202,导出筛选数据,"1. 设置筛选条件
2. 查询数据
3. 点击导出",功能测试,仅导出筛选后的数据,通过,XU Feiran,6/5/2026,
TC-203,文件格式验证,1. 打开导出的 Excel 文件,功能测试,文件格式正确，数据完整,通过,XU Feiran,6/5/2026,
TC-204,文件名,1. 执行导出,功能测试,文件名包含日期，格式为 售后件明细_YYYYMMDD.xlsx,通过,XU Feiran,6/5/2026,
TC-205,按生产日期范围过滤导出,"1. 设置生产日期范围筛选
2. 点击导出",功能测试,仅导出生产日期在范围内的退件信息,通过,XU Feiran,6/5/2026,
TC-206,按行驶里程范围过滤导出,"1. 在公里数范围输入框设下限 50,000、上限 200,000
2. 点击导出",功能测试,"仅导出行驶里程在 50,000–200,000 km 范围内的退件信息",通过,,,
TC-207,业务单元必填-前端校验,"1. 新建退件信息
2. 选择一个数据字典中未配置业务单元的零件码
3. 不填写其他信息
4. 点击暂存/提交",接口测试,"表单验证失败，业务单元字段提示""请选择业务单元""",通过,,,
TC-208,产品平台必填-前端校验,"1. 新建退件信息
2. 选择一个数据字典中未配置产品平台的零件码
3. 不填写其他信息
4. 点击暂存/提交",接口测试,"表单验证失败，产品平台字段提示""请选择产品平台""",通过,,,
TC-209,业务单元必填-后端校验,"1. 直接调用 POST /api/v1/parts 接口
2. 传入 businessUnit 为空或 null
3. 其他必填字段正常填写",接口测试,"后端返回 400，提示""业务单元不能为空""",通过,,,
TC-210,产品平台必填-后端校验,"1. 直接调用 POST /api/v1/parts 接口
2. 传入 productPlatform 为空或 null
3. 其他必填字段正常填写",接口测试,"后端返回 400，提示""产品平台不能为空""",通过,,,
TC-211,正常自动填充后提交,"1. 新建退件信息
2. 选择一个数据字典中已配置业务单元和产品平台的零件码
3. 业务单元和产品平台自动填充
4. 填写其他必填项
5. 点击提交",功能测试,提交成功，无验证错误,通过,,,
TC-212,编辑已有退件信息保持必填,"1. 编辑一条已有退件信息（业务单元和产品平台已填）
2. 不修改业务单元和产品平台
3. 点击保存",功能测试,保存成功，无验证错误,通过,,,
TC-213,选择模板,"1. 进入精分析表单
2. 选择报告模板",功能测试,自动加载模板对应的表单字段,通过,XU Feiran,6/4/2026,
TC-214,动态表单渲染,"1. 选择不同模板
2. 查看表单字段",功能测试,表单字段根据模板动态变化,通过,XU Feiran,6/4/2026,
TC-215,填写必填字段,"1. 不填写必填字段
2. 提交",功能测试,表单验证失败,通过,XU Feiran,6/4/2026,
TC-216,保存草稿,"1. 填写部分字段
2. 点击暂存",功能测试,草稿保存成功,通过,XU Feiran,6/5/2026,
TC-217,新建草稿,"1. 填写报告内容
2. 点击暂存",功能测试,"草稿创建成功，报告状态为""草稿""",通过,XU Feiran,6/5/2026,
TC-218,编辑草稿,"1. 打开草稿报告
2. 修改内容
3. 暂存",功能测试,修改被保存,通过,XU Feiran,6/5/2026,
TC-219,多次暂存,"1. 暂存后继续编辑
2. 再次暂存",功能测试,每次暂存都成功,通过,XU Feiran,6/5/2026,
TC-220,提交审批,"1. 填写完整报告
2. 点击提交（submittedBy 可选，默认当前用户）
3. 确认",状态测试,报告状态变为“已提交”，Part 状态变为 analysis_report_submitted,通过,XU Feiran,6/5/2026,
TC-221,提交后查看报告（只读+撤回）,"1. 提交精分析报告后
2. 查看精分析报告弹窗",功能测试,报告为只读模式，不显示暂存和提交审批按钮，显示「撤回」按钮,通过,XU Feiran,6/5/2026,
TC-222,重新提交,"1. 审批被驳回后
2. 修改报告
3. 重新提交",功能测试,可以重新提交,通过,XU Feiran,6/5/2026,
TC-223,撤回已提交报告,"1. 提交精分析报告后
2. 点击「撤回」按钮
3. 确认",状态测试,报告状态变为“已撤回”，Part 状态回退为 in_detailed_analysis,通过,XU Feiran,6/5/2026,
TC-224,撤回后分析单状态回退,"1. 分析单状态为 pending_approval
2. 撤回其中一份报告",状态测试,分析单状态回退为 in_detailed_analysis,通过,XU Feiran,6/5/2026,
TC-225,撤回后分析单状态不变,"1. 分析单状态为 in_detailed_analysis（非 pending_approval）
2. 撤回一份报告",功能测试,分析单状态保持不变,通过,XU Feiran,6/5/2026,
TC-226,非提交者不可撤回,"1. 其他用户查看已提交报告
2. 查看撤回按钮",权限测试,撤回按钮不可见或禁用,通过,XU Feiran,6/5/2026,
TC-227,导出 Word,"1. 进入退件信息详情
2. 点击导出报告
3. 下载 Word 文件",功能测试,成功下载 .docx 文件,通过,XU Feiran,6/5/2026,
TC-228,文件内容验证,1. 打开导出的 Word 文件,功能测试,内容完整，格式正确,通过,XU Feiran,6/5/2026,
TC-229,上传 Excel 模板,"1. 选择 .xlsx 文件
2. 填写模板信息
3. 上传",功能测试,模板上传成功,通过,XU Feiran,6/4/2026,
TC-230,文件大小限制,1. 上传超大文件,功能测试,提示文件过大,待测试,,,
TC-231,文件类型限制,1. 上传非 Office 文件,功能测试,提示文件类型不支持,待测试,,,
TC-232,下载模板,"1. 进入设置-模板管理
2. 点击模板的下载按钮",功能测试,下载原上传的模板文件,通过,XU Feiran,6/4/2026,
TC-233,文件完整性,1. 打开下载的文件,功能测试,文件内容与上传时一致,通过,XU Feiran,6/4/2026,
TC-234,删除模板,"1. 进入设置-模板管理
2. 点击模板的删除按钮
3. 确认删除",功能测试,模板删除成功,通过,XU Feiran,6/4/2026,
TC-235,删除后列表更新,"1. 删除模板
2. 查看模板列表",功能测试,列表中不再显示已删除的模板,通过,XU Feiran,6/4/2026,
TC-236,精确匹配（产品平台+失效类型）,"1. 上传模板：产品平台=WSA，失效类型=噪音
2. 创建退件信息：产品平台=WSA，失效类型=噪音
3. 打开精分析报告弹窗",功能测试,自动匹配到该模板,通过,XU Feiran,6/5/2026,
TC-237,仅产品平台匹配,"1. 上传模板：产品平台=WSA，失效类型=空
2. 创建退件信息：产品平台=WSA，失效类型=噪音
3. 打开精分析报告弹窗",功能测试,自动匹配到该模板,通过,XU Feiran,6/5/2026,
TC-238,默认模板匹配,"1. 上传模板：产品平台=空，失效类型=空
2. 创建退件信息：产品平台=WSA，失效类型=噪音
3. 打开精分析报告弹窗（无精确匹配）",功能测试,自动匹配到默认模板,通过,XU Feiran,6/5/2026,
TC-239,多个匹配模板显示,"1. 上传多个相同条件的模板
2. 打开精分析报告弹窗",功能测试,显示模板选择下拉框,通过,XU Feiran,6/5/2026,
TC-240,切换产品平台,"1. 打开精分析报告弹窗
2. 修改匹配条件中的产品平台",功能测试,模板列表自动更新,通过,XU Feiran,6/9/2026,
TC-241,切换失效类型,"1. 打开精分析报告弹窗
2. 修改匹配条件中的失效类型",功能测试,模板列表自动更新,通过,XU Feiran,6/9/2026,
TC-242,无匹配模板,"1. 创建退件信息：产品平台=ABC
2. 打开精分析报告弹窗（无匹配模板）",功能测试,"显示""未找到匹配的模板""提示",通过,XU Feiran,6/9/2026,
TC-243,上传附件,"1. 打开精分析报告弹窗
2. 点击上传附件
3. 选择文件",功能测试,附件上传成功，列表显示文件名,跳过,,,功能不需要，不实现
TC-244,删除附件,"1. 点击附件删除按钮
2. 确认",功能测试,附件被删除,跳过,,,功能不需要，不实现
TC-245,附件类型限制,1. 上传不支持类型的文件,功能测试,提示文件类型不支持,跳过,,,功能不需要，不实现
TC-246,附件大小限制,1. 上传超大文件,功能测试,提示文件过大,跳过,,,功能不需要，不实现
TC-247,photo 类型字段上传,"1. 打开含 photo 类型字段的模板
2. 上传一张图片",功能测试,图片上传成功，显示预览,通过,XU Feiran,6/5/2026,
TC-248,photolist 类型字段上传,"1. 打开含 photolist 类型字段的模板
2. 上传多张图片",功能测试,所有图片上传成功，显示预览列表,通过,XU Feiran,6/5/2026,
TC-249,图片存储到 SMB,"1. 上传图片后
2. 检查 SMB 存储",文件存储测试,图片文件存在于 SMB 对应目录,通过,XU Feiran,6/5/2026,
TC-250,预览已上传图片,1. 点击已上传的图片缩略图,功能测试,弹出大图预览,通过,XU Feiran,6/5/2026,
TC-251,精分析报告 photo 字段拍照上传,"1. 打开含 photo 类型字段的精分析报告
2. 点击「拍照」按钮
3. 完成拍照",功能测试,拍照图片自动上传并显示预览,通过,XU Feiran,6/5/2026,
TC-252,精分析报告 photolist 字段拍照上传,"1. 打开含 photolist 类型字段的精分析报告
2. 点击「拍照」按钮
3. 完成多次拍照",功能测试,所有拍照图片自动上传并显示预览列表,通过,XU Feiran,6/5/2026,
TC-253,精分析报告拍照与上传图片共存,"1. 在 photo/photolist 字段先上传一张图片
2. 再拍照一张",功能测试,两种方式添加的图片共存显示,通过,XU Feiran,6/5/2026,
TC-254,精分析报告已审批时禁止上传,"1. 打开已审批通过的精分析报告
2. 查看 photo/photolist 字段",功能测试,上传和拍照按钮不可见或禁用,通过,XU Feiran,6/5/2026,
TC-255,撤回后报告卡片状态标签,"1. 提交精分析报告后撤回
2. 查看退件详情页右侧报告卡片",状态测试,"报告状态标签显示灰色""已撤回""",通过,XU Feiran,6/5/2026,
TC-256,撤回后状态流程步骤条,"1. 提交精分析报告后撤回
2. 查看退件详情页状态流程",状态测试,"精分析步骤显示""进行中""，非 withdrawn 文本",通过,XU Feiran,6/5/2026,
TC-257,撤回后英文环境状态标签,"1. 切换语言为 English
2. 查看已撤回报告卡片",国际化测试,"报告状态标签显示灰色 ""Withdrawn""",通过,XU Feiran,6/5/2026,
TC-258,分析师可暂存报告,"1. 以 part.analyst 对应的用户登录
2. 打开精分析报告弹窗
3. 填写部分内容
4. 点击「暂存」",权限测试,暂存成功，报告状态为草稿,通过,XU Feiran,6/9/2026,
TC-259,分析师可提交报告,"1. 以分析师身份打开报告
2. 填写完整内容
3. 点击「提交审批」",权限测试,提交成功，Part 状态变为 analysis_report_submitted,通过,XU Feiran,6/9/2026,
TC-260,分析师可上传照片,"1. 以分析师身份打开报告
2. 在 photo/photolist 字段上传照片",功能测试,上传/拍照按钮可见，照片上传成功,通过,XU Feiran,6/9/2026,
TC-261,分析师可撤回报告,"1. 以分析师身份提交报告后
2. 点击「撤回」按钮",权限测试,撤回按钮可见，撤回成功,通过,XU Feiran,6/9/2026,
TC-262,非分析师不可暂存,"1. 以非 part.analyst 用户登录
2. 打开精分析报告弹窗
3. 查看底部按钮",权限测试,「暂存」按钮不可见,通过,XU Feiran,6/9/2026,
TC-263,非分析师不可提交,"1. 以非分析师用户打开报告
2. 查看底部按钮",权限测试,「提交审批」按钮不可见,通过,XU Feiran,6/9/2026,
TC-264,非分析师表单只读,"1. 以非分析师用户打开报告
2. 查看所有表单字段",权限测试,所有输入控件禁用（灰色不可编辑），包括匹配条件、责任方、文本框、下拉框、日期、数字、摘要,通过,XU Feiran,6/9/2026,
TC-265,非分析师不可上传照片,"1. 以非分析师用户打开报告
2. 查看 photo/photolist 字段",功能测试,上传/拍照按钮不可见,通过,XU Feiran,6/9/2026,
TC-266,非分析师不可撤回,"1. 以非分析师用户查看已提交报告
2. 查看底部按钮",权限测试,「撤回」按钮不可见,通过,XU Feiran,6/9/2026,
TC-267,非分析师可查看报告,"1. 以非分析师用户打开报告
2. 查看报告内容",权限测试,报告内容完整可见，仅不可编辑,通过,XU Feiran,6/9/2026,
TC-268,非分析师可下载报告,"1. 以非分析师用户打开报告
2. 点击「下载报告」按钮",权限测试,下载按钮可见且可用，可正常下载报告,通过,XU Feiran,6/9/2026,
TC-269,未指定分析师时允许操作,"1. 打开 analyst 为空的退件信息的精分析报告
2. 尝试暂存/提交",权限测试,暂存/提交按钮可见，操作正常（向后兼容）,通过,XU Feiran,6/9/2026,
TC-270,退件详情页报告卡片显示驳回原因,"1. 审批驳回一份精分析报告（填写驳回原因）
2. 进入退件详情页
3. 查看右侧报告信息卡片",功能测试,"状态标签显示红色""已驳回""，下方显示""驳回原因：XXX""，文字为红色",通过,XU Feiran,6/5/2026,
TC-271,精分析报告弹窗显示驳回原因,"1. 审批驳回一份精分析报告
2. 点击「精分析」按钮打开弹窗",功能测试,"弹窗顶部显示红色 Alert 提示框，内容为""驳回原因：XXX""",通过,XU Feiran,6/5/2026,
TC-272,驳回原因无值时不显示,"1. 查看一份已通过的精分析报告
2. 查看退件详情页和报告弹窗",功能测试,"无""驳回原因""字段显示",通过,XU Feiran,6/5/2026,
TC-273,驳回原因 i18n 中英文,"1. 中文环境查看驳回原因标签
2. 切换英文环境查看",国际化测试,"中文显示""驳回原因""，英文显示""Reject Reason""",通过,XU Feiran,6/5/2026,
TC-274,分析单列表-菜单入口,"1. 登录系统
2. 点击左侧菜单「分析单管理」",权限测试,进入分析单列表页，显示退货单号、分析师、状态,通过,XU Feiran,6/9/2026,
TC-275,分析单列表-退货单号跳转,"1. 进入分析单列表
2. 点击某条记录的退货单号链接",功能测试,跳转至对应退货单详情页,通过,XU Feiran,6/9/2026,
TC-276,分析单列表-列排序,1. 分别点击各列表头排序,功能测试,所有列均支持排序，升序/降序切换正常,通过,XU Feiran,6/9/2026,
TC-277,分析单列表-Analyst只看自己,"1. 以 Analyst 角色登录
2. 进入分析单列表",权限测试,仅显示该 Analyst 负责的分析单,通过,XU Feiran,6/9/2026,
TC-278,分析单列表-Leader/Manager看全部,"1. 以 QMC Leader 或 Manager 角色登录
2. 进入分析单列表",权限测试,显示所有分析单,通过,XU Feiran,6/9/2026,
TC-279,分析单详情-3步状态步骤条（合并后）,1. 打开任意分析单详情,状态测试,右侧显示 3 步步骤条：待抽样→精分析→WorkON报废；精分析步骤描述显示子状态（进行中/审批中/已完成）,通过,XU Feiran,6/9/2026,
TC-280,分析单详情-关联退件信息列表,1. 打开分析单详情,功能测试,显示该分析单下的退件信息列表（含抽样状态列），支持搜索/筛选/排序/分页/点击跳转,通过,XU Feiran,6/9/2026,
TC-281,分析单详情-退件信息搜索,"1. 在退件信息列表中输入零件编号
2. 选择业务单元/产品平台/状态
3. 点击查询/重置",功能测试,搜索/重置功能正常,通过,XU Feiran,6/9/2026,
TC-282,分析单详情-退件信息排序,1. 点击退件信息列表表头排序,功能测试,列表按选中字段排序显示,通过,XU Feiran,6/9/2026,
TC-283,分析单详情-退件信息分页,1. 查看退件信息列表底部分页器,功能测试,分页器正常，支持切换页码/每页条数,通过,XU Feiran,6/9/2026,
TC-284,分析单详情-零件编号点击跳转,1. 点击退件信息列表中的零件编号链接,功能测试,跳转至对应退件信息详情页,通过,XU Feiran,6/9/2026,
TC-285,分析单-抽样方式选择,"1. 进入「待抽样」状态的分析单
2. 点击「抽样」按钮",功能测试,弹出抽样管理弹窗，默认选中「开始抽样」方式，可切换为「不抽样」,通过,XU Feiran,6/9/2026,
TC-286,分析单-不抽样,"1. 抽样弹窗中选择「不抽样」
2. 点击「确认不抽样」",状态测试,显示警告提示，确认后分析单状态流转，弹窗关闭,通过,XU Feiran,6/9/2026,
TC-287,分析单-抽样比例联动,1. 抽样弹窗中输入抽样比例（如50%）,状态测试,抽样数自动同步计算；反向输入抽样数时比例也同步更新,通过,XU Feiran,6/9/2026,
TC-288,分析单-随机抽样,"1. 设置抽样数
2. 点击「随机抽样」按钮",功能测试,"穿梭框右侧随机选中对应数量的退件信息，提示""已随机抽取 N 个退件信息""",通过,XU Feiran,6/9/2026,
TC-289,分析单-穿梭框手动抽样,"1. 在穿梭框中手动将退件信息从左侧移到右侧
2. 确认抽样",功能测试,所选件 isSample=1，未选件 isSample=0；分析单状态→「精分析中」,通过,XU Feiran,6/9/2026,
TC-290,分析单-查看抽样结果,"1. 进入已完成抽样的分析单
2. 点击「查看抽样结果」按钮",功能测试,弹出只读抽样弹窗，穿梭框禁用，显示已完成抽样提示,通过,XU Feiran,6/9/2026,
TC-291,分析单-QMC Leader重新抽样,"1. QMC Leader查看抽样结果
2. 点击「重新抽样」按钮",功能测试,切换到可编辑模式，显示重新抽样警告，可修改抽样选择,通过,XU Feiran,6/9/2026,
TC-292,分析单-穿梭框信息显示,1. 打开抽样弹窗,功能测试,穿梭框每行显示零件号、业务单元/产品平台信息；标题显示已选/总数统计,通过,XU Feiran,6/9/2026,
TC-293,分析单-穿梭框详情按钮,"1. 打开抽样弹窗
2. 点击任一退件信息行后的「查看」按钮",权限测试,弹出退件信息详情弹窗，显示编号、零件号、业务单元、产品平台、失效类型、分析师、状态等信息,通过,XU Feiran,6/9/2026,
TC-294,分析单-抽样弹窗按生产日期过滤,"1. 打开抽样弹窗
2. 在生产日期范围选择器中选择日期范围",功能测试,穿梭框左侧仅显示生产日期在范围内的退件信息,通过,XU Feiran,6/9/2026,
TC-295,分析单-抽样弹窗按行驶里程过滤,"1. 打开抽样弹窗
2. 拖动行驶里程滑块选择范围（0-300,000 km）",功能测试,穿梭框左侧仅显示行驶里程在范围内的退件信息,通过,XU Feiran,6/9/2026,
TC-296,分析单-抽样弹窗过滤器清空,"1. 设置生产日期和里程范围过滤
2. 清空过滤条件",功能测试,穿梭框左侧恢复显示全部退件信息,通过,XU Feiran,6/9/2026,
TC-297,分析单-报废操作,"1. 进入非「待抽样/报废中/已报废」状态的分析单
2. 确认所有退件信息满足报废条件（未抽样 或 已抽样且精分析审批完成）
3. 点击「报废」",功能测试,分析单状态→「WorkOn报废中」；报废按钮隐藏,通过,XU Feiran,6/9/2026,
TC-298,分析单-报废校验-不满足条件,"1. 准备分析单下存在已抽样但未完成精分析审批的退件信息
2. 点击「报废」",接口测试,后端返回 400 错误，提示不满足报废条件的退件信息列表,通过,XU Feiran,6/9/2026,
TC-299,分析单-报废校验-全部未抽样,"1. 准备分析单下所有退件信息均为未抽样状态
2. 点击「报废」",功能测试,报废成功，分析单状态→「WorkOn报废中」,通过,XU Feiran,6/9/2026,
TC-300,分析单-报废校验-全部已完成精分析审批,"1. 准备分析单下所有已抽样件均完成精分析审批
2. 点击「报废」",功能测试,报废成功，分析单状态→「WorkOn报废中」,通过,XU Feiran,6/9/2026,
TC-301,分析单-报废联动更新所有 Part 状态,"1. 准备含多个退件信息（含抽样件和未抽样件）的分析单
2. 调用 POST /api/v1/analysis-orders/{id}/scrap",状态测试,分析单下**所有**关联退件信息状态均更新为 `scrap_in_progress`，包括抽样件和未抽样件,通过,XU Feiran,6/9/2026,
TC-302,分析单-WorkOn确认,"1. 进入「WorkOn报废中」状态的分析单
2. 点击「WorkOn确认」",功能测试,分析单状态→「WorkOn已报废」,通过,XU Feiran,6/9/2026,
TC-303,分析单-幂等创建,1. 在同一退货单下为同一 analyst 新建第二个退件信息,功能测试,不新增分析单，仍使用同一条分析单记录,通过,XU Feiran,6/9/2026,
TC-304,退件信息列表-搜索功能,"1. 在退件信息列表中输入关键词（keyword 同时搜索零件编号和零件代码）
2. 选择业务单元下拉
3. 选择产品平台下拉
4. 选择状态下拉
5. 点击查询
6. 点击重置",接口测试,搜索和重置功能正常，触发后端 API 调用（退货单详情页和分析单详情页共用 PartsListCard 组件，均适用）,通过,XU Feiran,6/9/2026,
TC-305,退件信息列表-排序功能,"1. 点击退件信息列表各列表头排序
2. 切换升序/降序",接口测试,列表按选中字段排序显示，触发后端 API 排序请求（退货单详情页和分析单详情页共用 PartsListCard 组件，均适用）,通过,XU Feiran,6/9/2026,
TC-306,退件信息列表-分页功能,"1. 查看退件信息列表底部分页器
2. 切换页码
3. 切换每页条数",接口测试,分页器正常，每次分页操作触发后端 API 调用，显示后端返回的总数（退货单详情页和分析单详情页共用 PartsListCard 组件，均适用）,通过,XU Feiran,6/9/2026,
TC-307,退件信息列表-零件编号点击跳转,1. 点击退件信息列表中已提交退件信息的零件编号链接,功能测试,跳转至对应退件信息详情页（退货单详情页和分析单详情页共用 PartsListCard 组件，均适用）,通过,XU Feiran,6/9/2026,
TC-308,零件编号-未提交显示灰色,1. 查看退件信息列表中未提交（无零件编号）的记录,功能测试,"零件编号列显示""未提交""文字，颜色为灰色，不可点击（退货单详情页和分析单详情页共用 PartsListCard 组件，均适用）",通过,XU Feiran,6/9/2026,
TC-309,零件编号-已提交可点击,"1. 查看退件信息列表中已提交（有零件编号）的记录
2. 点击零件编号",功能测试,零件编号显示为蓝色链接样式，点击跳转至退件信息详情页（退货单详情页和分析单详情页共用 PartsListCard 组件，均适用）,通过,XU Feiran,6/9/2026,
TC-310,退件信息列表后端分页-分页结果验证,"1. 调用 GET /api/v1/return-orders/{id}/parts?page=0&size=10
2. 查看返回结果",接口测试,返回 PageResponse 格式，包含 content 数组、totalElements、totalPages、number、size 字段，数据与实际一致,通过,XU Feiran,6/9/2026,
TC-311,退件信息列表后端分页-keyword 搜索,"1. 调用 GET /api/v1/return-orders/{id}/parts?keyword=ABC
2. 查看返回结果
3. 分别使用零件编号和零件代码作为 keyword 测试",接口测试,keyword 同时搜索零件编号（PART_CODE）和零件代码（PART_NUMBER），返回匹配的记录；keyword 为空时返回全部,通过,XU Feiran,6/9/2026,
TC-312,退件信息列表后端分页-排序,"1. 调用 GET /api/v1/return-orders/{id}/parts?sort=createdAt,desc
2. 调用 GET /api/v1/return-orders/{id}/parts?sort=partCode,asc
3. 查看返回结果",接口测试,排序参数生效，返回数据按指定字段和方向排列,通过,XU Feiran,6/9/2026,
TC-313,退件信息列表后端分页-analyst 过滤,"1. 调用 GET /api/v1/return-orders/{id}/parts?analyst=user1
2. 查看返回结果
3. 不传 analyst 参数再次调用",权限测试,analyst 参数生效时仅返回该分析师的退件信息；不传时返回该退货单下全部退件信息,通过,XU Feiran,6/9/2026,
TC-314,PartsListCard-搜索/重置/分页/排序触发后端 API,"1. 打开退货单详情页，观察网络请求
2. 输入搜索关键词并查询
3. 点击重置
4. 切换页码
5. 点击列头排序",接口测试,每次搜索、重置、分页、排序操作均触发后端 API 请求（GET /api/v1/return-orders/{id}/parts），请求参数正确传递（page/size/sort/keyword/businessUnit/productPlatform/status）,通过,XU Feiran,6/9/2026,
TC-315,报告提交 → 单件 Part 状态变为 analysis_report_submitted,"1. 准备处于 `in_detailed_analysis` 状态的 Part
2. 调用 POST `/api/v1/analysis-reports/{id}/submit`",状态测试,该 Part 状态更新为 `analysis_report_submitted`,通过,,,
TC-316,报告提交 → 所有抽样件均 analysis_report_submitted 时，分析单变为 pending_approval,"1. 准备分析单下所有抽样件均已提交报告
2. 提交最后一件报告",状态测试,分析单状态自动更新为 `pending_approval`,通过,,,
TC-317,报告提交 → 仍有抽样件未提交时，分析单状态不变,"1. 准备分析单下仍有抽样件处于 `in_detailed_analysis`
2. 提交其中一件报告",状态测试,分析单状态保持不变（仍为 `in_detailed_analysis`）,通过,,,
TC-318,报告通过 → 所有抽样件均 analysis_completed 时，分析单变为 analysis_completed,"1. 准备分析单下所有抽样件均处于 `pending_approval`
2. 审批通过最后一件报告",状态测试,分析单状态自动更新为 `analysis_completed`,通过,,,
TC-319,报告通过 → 仍有抽样件未通过时，分析单状态不变,"1. 准备分析单下仍有抽样件处于 `pending_approval`
2. 审批通过其中一件报告",状态测试,分析单状态保持不变（仍为 `pending_approval`）,通过,,,
TC-320,报告驳回 → Part 回退为 in_detailed_analysis，分析单（若为 pending_approval）回退为 in_detailed_analysis,"1. 准备分析单处于 `pending_approval` 状态
2. 驳回其中一件报告",状态测试,Part 状态回退为 `in_detailed_analysis`；分析单状态回退为 `in_detailed_analysis`,通过,,,
TC-321,报废申请 → 所有 Part（含未抽样件）变为 scrap_in_progress,"1. 准备含多个退件信息（含抽样件和未抽样件）的分析单
2. 调用 POST `/api/v1/analysis-orders/{id}/scrap`",状态测试,分析单下**所有**关联退件信息状态均更新为 `scrap_in_progress`，包括抽样件和未抽样件,通过,,,
TC-322,WorkON 确认 → 所有 Part 变为 scrapped,"1. 准备处于 `scrap_in_progress` 状态的分析单（含多个退件信息）
2. 调用 POST `/api/v1/analysis-orders/{id}/scrap/workon-confirm`，body 含 `workonScrapNo`",状态测试,分析单下**所有**关联退件信息状态均更新为 `scrapped`，`workonScrapNo` 已保存,通过,,,
TC-323,WorkON 确认 → 报废单号为空时拒绝,"1. 准备处于 `scrap_in_progress` 状态的分析单
2. 调用 POST `/api/v1/analysis-orders/{id}/scrap/workon-confirm`，body 中 `workonScrapNo` 为空",状态测试,返回 400 错误，状态不变,通过,,,
TC-324,WorkON 确认 → 前端报废单号必填校验,"1. 进入报废处理弹窗
2. 选择""已WorkON报废""
3. 不输入报废单号直接提交",状态测试,"前端提示""请输入WorkON报废单号""，不发送请求",通过,,,
TC-325,WorkON 已报废 → 只读展示报废单号,"1. 进入已报废的分析单
2. 打开报废处理弹窗",状态测试,弹窗中只读展示 WorkON 报废单号,通过,,,
TC-326,报告撤回 → Part 状态回退为 in_detailed_analysis,"1. 准备已提交报告（Part 状态为 analysis_report_submitted）
2. 调用 POST `/api/v1/analysis-reports/{id}/withdraw`",状态测试,Part 状态回退为 `in_detailed_analysis`，报告状态变为 withdrawn,通过,,,
TC-327,报告撤回 → 分析单（pending_approval）回退为 in_detailed_analysis,"1. 分析单状态为 pending_approval
2. 撤回其中一份报告",状态测试,分析单状态回退为 `in_detailed_analysis`,通过,,,
TC-328,报告撤回 → 分析单（非 pending_approval）不回退,"1. 分析单状态为 in_detailed_analysis
2. 撤回其中一份报告",状态测试,分析单状态保持不变,通过,,,
TC-329,报告撤回 → 非提交者禁止撤回,1. 非报告提交者调用 withdraw,权限测试,返回 403 错误,通过,,,
TC-330,分析单列表-搜索按钮触发后端查询,"1. 进入分析单列表
2. 输入搜索关键词
3. 点击搜索按钮",接口测试,触发后端 API 查询，返回匹配结果,通过,,,
TC-331,分析单列表-registered 状态退货单下分析单,1. 进入已结束录入的退货单对应的分析单列表,功能测试,正确显示该退货单下的分析单,通过,,,
TC-332,分析单详情-0km 退货单标签展示,1. 打开 0km 投诉类型退货单的分析单详情,功能测试,显示 0km 标签/标识,通过,,,
TC-333,分析单抽样-投诉类型校验,"1. 进入投诉类型非 BA40 的分析单
2. 尝试抽样",功能测试,不允许抽样（非 BA40 投诉类型跳过抽样）,通过,,,
TC-334,查看申请列表,"1. 进入审批页面
2. 切换到""我的申请""标签页",审批测试,显示当前用户提交的申请,通过,XU Feiran,6/5/2026,
TC-335,状态标识,1. 查看申请列表,审批测试,状态标签颜色正确（待审批=橙色，已通过=绿色，已驳回=红色）,通过,XU Feiran,6/5/2026,
TC-336,查看申请详情,1. 点击某条申请,审批测试,显示申请详细信息,通过,XU Feiran,6/5/2026,
TC-337,查看我的审批列表,"1. 进入审批页面（QMC Leader）
2. 切换到”我的审批”标签页",审批测试,显示待审批和已审批（通过/驳回）的申请记录,通过,XU Feiran,6/5/2026,
TC-338,空列表状态,1. 无审批记录时,审批测试,显示”暂无审批记录”提示,通过,XU Feiran,6/5/2026,
TC-339,按状态筛选审批记录,"1. 在”我的审批”标签页
2. 使用状态下拉筛选（全部/待审批/已通过/已驳回）",状态测试,仅显示对应状态的审批记录,通过,XU Feiran,6/5/2026,
TC-340,已审批记录包含本用户审批的,"1. 当前 QMC Leader 已审批通过某报告
2. 查看”我的审批”列表",审批测试,该报告在”已通过”筛选下可见,通过,XU Feiran,6/5/2026,
TC-341,审批报告图片字段渲染,1. 在”我的审批”中查看含 photo/photolist 字段的报告,审批测试,图片字段以图片预览形式渲染，非纯文本,通过,XU Feiran,6/5/2026,
TC-342,审批通过,"1. 在”我的审批”列表中
2. 点击某条申请
3. 查看详情
4. 点击审批通过",状态测试,申请状态变为”已通过”，退件信息状态变为”精分析完成”,通过,XU Feiran,6/5/2026,
TC-343,通过后移除,"1. 审批通过
2. 查看”我的审批”列表",审批测试,该申请状态更新为”已通过”，在”已通过”筛选下可见,通过,XU Feiran,6/5/2026,
TC-344,审批驳回,"1. 在""我的审批""列表中
2. 点击某条申请
3. 查看详情
4. 点击审批驳回
5. 输入驳回原因",状态测试,"申请状态变为""已驳回""，可重新编辑提交",通过,XU Feiran,6/5/2026,
TC-345,驳回后可编辑,"1. 审批驳回后
2. 进入精分析表单",审批测试,可以编辑并重新提交,通过,XU Feiran,6/5/2026,
TC-346,统计卡片显示,"1. 进入仪表盘页面
2. 查看统计卡片",界面测试,显示退货单总量、退件信息总量、任务待处理、分析完成率,通过,,,
TC-347,数据准确性,1. 对比数据库实际数据,界面测试,统计数据与数据库一致,通过,,,
TC-348,卡片跳转,1. 点击统计卡片,界面测试,跳转到对应列表页面,失败,,,帮助手册未完成
TC-349,任务列表显示,"1. 进入仪表盘页面
2. 查看任务中心",界面测试,显示所有待处理任务,通过,,,
TC-350,任务优先级标识,1. 查看任务列表,界面测试,紧急任务红色标识，高优先级橙色标识,通过,,,
TC-351,任务跳转,"1. 点击某个任务
2. 查看跳转结果",界面测试,跳转到对应页面并应用筛选条件,通过,,,
TC-352,趋势图显示,"1. 进入仪表盘/报表页面
2. 查看趋势图",界面测试,正确显示折线图,通过,,,
TC-353,时间范围切换,"1. 切换时间范围（日/周/月/年）
2. 查看图表变化",界面测试,图表数据相应更新,通过,,,
TC-354,数据点交互,1. 鼠标悬停数据点,界面测试,显示具体数值,通过,,,
TC-355,任务中心-待初分析跳转筛选,"1. 进入 Dashboard
2. 点击「待初分析」任务",界面测试,跳转退货单列表，URL 携带 `status=submitted&fromTask=initial_analysis`，并提示已应用任务筛选,通过,,,
TC-356,任务中心-待精分析跳转筛选,"1. 进入 Dashboard
2. 点击「待精分析」任务",界面测试,跳转退件信息列表，URL 携带 `status=in_detailed_analysis&fromTask=detailed_analysis`,通过,,,
TC-357,任务中心-预警跳转筛选,"1. 进入 Dashboard
2. 点击「精分析预警」任务",通知测试,跳转退件信息列表，URL 携带 `status=in_detailed_analysis&alert=warning&fromTask=warning`,通过,,,
TC-358,任务中心-超期跳转筛选,"1. 进入 Dashboard
2. 点击「精分析超期」任务",通知测试,跳转退件信息列表，URL 携带 `status=in_detailed_analysis&alert=overdue&fromTask=overdue`,通过,,,
TC-359,任务中心-待审批跳转筛选,"1. 进入 Dashboard
2. 点击「精分析报告待审批」任务",界面测试,跳转审批页并自动切换到 `pendingApproval` 标签页,通过,,,
TC-360,任务中心-报废确认跳转筛选,"1. 进入 Dashboard
2. 点击「报废审批确认」任务",界面测试,跳转分析单列表，URL 携带 `status=workon_scrap_in_progress&fromTask=scrap_confirm`,通过,,,
TC-361,快捷入口-Help 链接可用,"1. 进入 Dashboard
2. 点击「帮助手册FAQ」",界面测试,跳转 `/help` 页面，展示可访问帮助链接列表,待测试,,,
TC-362,快捷入口-IQIS/SAP 未配置提示,"1. 未配置 `VITE_IQIS_URL`/`VITE_SAP_URL`
2. 点击对应快捷入口",界面测试,"页面提示""链接未配置，请联系管理员补充地址""",通过,,,
TC-363,快捷入口-快捷登记退货单,"1. 进入 Dashboard
2. 点击「快捷登记退货单」",界面测试,跳转 `/return-orders/new` 新建退货单页面,通过,,,
TC-364,快捷入口-新建退件信息,"1. 进入 Dashboard
2. 点击「新建退件信息」",界面测试,跳转 `/return-parts/new` 新建退件信息页面,通过,,,
TC-365,快捷入口-数据统计,"1. 进入 Dashboard
2. 点击「数据统计」",界面测试,跳转 `/reports` 统计报表页面,通过,,,
TC-366,快捷入口-WorkON 报废,"1. 进入 Dashboard
2. 点击「WorkON 报废」",界面测试,在新标签页打开 WorkON 报工单页面,通过,,,
TC-367,快捷入口-Lessons Learned,"1. 进入 Dashboard
2. 点击「Lessons Learned」",界面测试,在新标签页打开 LL 系统,通过,,,
TC-368,外部链接新标签页打开,"1. 点击 WorkON 或 LL 快捷入口
2. 检查浏览器行为",界面测试,链接在新标签页打开，原页面保持不变,通过,,,
TC-369,统计卡片-总退货单点击跳转,"1. 进入 Dashboard
2. 点击「总退货单」统计卡片",界面测试,跳转 `/return-orders` 退货单列表页,通过,,,
TC-370,统计卡片-总退件信息点击跳转,"1. 进入 Dashboard
2. 点击「总退件信息」统计卡片",界面测试,跳转 `/return-parts` 退件信息列表页,通过,,,
TC-371,统计卡片-完成率点击跳转,"1. 进入 Dashboard
2. 点击「完成率」统计卡片",界面测试,跳转 `/reports` 统计报表页,通过,,,
TC-372,统计卡片-待办任务不可点击,"1. 进入 Dashboard
2. 尝试点击「待办任务」统计卡片",界面测试,卡片无点击响应，光标无手型样式,通过,,,
TC-373,统计卡片-数值颜色样式,"1. 进入 Dashboard
2. 查看各统计卡片",界面测试,总退货单蓝色、总退件信息绿色、待办任务橙色、完成率紫色,通过,,,
TC-374,统计卡片-图标显示,"1. 进入 Dashboard
2. 查看各统计卡片前缀图标",界面测试,依次显示：文件图标、工具图标、时钟图标、对勾图标,通过,,,
TC-375,趋势图表-日范围切换,"1. 进入 Dashboard
2. 点击时间范围「日」按钮",界面测试,图表显示 1 天数据，X轴格式化为月-日,通过,,,
TC-376,趋势图表-周范围切换,"1. 进入 Dashboard
2. 点击时间范围「周」按钮",界面测试,图表显示 7 天数据，X轴格式化为月-日,通过,,,
TC-377,趋势图表-月范围切换,"1. 进入 Dashboard
2. 点击时间范围「月」按钮",界面测试,图表显示 30 天数据，X轴格式化为月-日,通过,,,
TC-378,趋势图表-年范围切换,"1. 进入 Dashboard
2. 点击时间范围「年」按钮",界面测试,图表显示 365 天数据，X轴格式化为月-日,通过,,,
TC-379,趋势图表-双系列显示,"1. 进入 Dashboard
2. 查看趋势图",界面测试,图表显示两条线：退货单（蓝色）、退件信息（绿色），带面积填充效果,通过,,,
TC-380,趋势图表-X轴日期格式,"1. 进入 Dashboard
2. 查看 X 轴标签",界面测试,日期仅显示月-日（如 04-23），不显示年份,通过,,,
TC-381,趋势图表-鼠标悬停提示,"1. 进入 Dashboard
2. 鼠标悬停在图表数据点上",界面测试,显示该日期退货单和退件信息的具体数量,通过,,,
TC-382,任务中心-优先级 low 样式,"1. 进入 Dashboard
2. 查看优先级为 low 的任务",界面测试,显示灰色圆点，数量标签灰色背景,通过,,,
TC-383,任务中心-优先级 medium 样式,"1. 进入 Dashboard
2. 查看优先级为 medium 的任务",界面测试,显示蓝色圆点，数量标签蓝色背景,通过,,,
TC-384,任务中心-优先级 high 样式,"1. 进入 Dashboard
2. 查看优先级为 high 的任务",界面测试,显示黄色圆点，数量标签黄色背景,通过,,,
TC-385,任务中心-优先级 urgent 样式,"1. 进入 Dashboard
2. 查看优先级为 urgent 的任务",界面测试,显示红色圆点，数量标签红色背景,通过,,,
TC-386,任务中心-无任务时显示,"1. 数据库中无待办任务
2. 刷新 Dashboard",界面测试,"任务中心列表为空或显示""暂无任务""",通过,,,
TC-387,任务中心-任务悬停效果,"1. 进入 Dashboard
2. 鼠标悬停在任务项上",状态测试,任务项背景变为浅灰色，光标变为手型,通过,,,
TC-388,页面加载-统计卡片加载状态,"1. 打开浏览器开发工具 Network 限速
2. 进入 Dashboard",性能测试,统计卡片显示 loading 骨架屏，数据返回后显示实际数值,通过,,,
TC-389,页面加载-趋势图表加载状态,"1. 打开浏览器开发工具 Network 限速
2. 进入 Dashboard",性能测试,趋势图表区域显示 loading 状态，数据返回后渲染图表,通过,,,
TC-390,页面加载-任务中心加载状态,"1. 打开浏览器开发工具 Network 限速
2. 进入 Dashboard",性能测试,任务中心列表显示 loading 状态，数据返回后显示任务列表,通过,,,
TC-391,页面响应式布局-小屏幕,"1. 浏览器窗口调整为手机宽度（<768px）
2. 查看 Dashboard 布局",性能测试,统计卡片单列显示，快捷入口2列显示，图表和任务中心上下排列,通过,,,
TC-392,接口超时-统计降级,"1. 后端 `/api/v1/dashboard/stats` 接口响应超过3秒
2. 查看 Dashboard",性能测试,"统计卡片显示默认值（0, 0, 0, 0%），不阻塞页面加载",通过,,,
TC-393,接口超时-任务降级,"1. 后端 `/api/v1/dashboard/tasks` 接口响应超过3秒
2. 查看 Dashboard",性能测试,任务中心显示空列表，不影响其他模块,通过,,,
TC-394,接口超时-趋势降级,"1. 后端 `/api/v1/dashboard/trend` 接口响应超过2秒
2. 查看 Dashboard",性能测试,趋势图显示 0 值数据点，不影响其他模块,通过,,,
TC-395,Analyst 仅看自己相关统计,"1. 以 Analyst 角色登录
2. 查看 Dashboard 统计卡片",权限测试,统计数据仅包含该 Analyst 负责的退件信息/分析单,通过,,,
TC-396,Analyst 任务中心仅看自己任务,"1. 以 Analyst 角色登录
2. 查看任务中心",权限测试,仅显示该 Analyst 负责的待办任务,通过,,,
TC-397,QMC Leader/Manager 看全部,"1. 以 QMC Leader 或 Manager 角色登录
2. 查看 Dashboard",权限测试,统计和任务显示全部数据,通过,,,
TC-398,新增客户,"1. 进入设置-客户管理
2. 点击新增客户
3. 填写客户名称和代码
4. 点击保存",配置测试,客户创建成功,通过,XU Feiran,6/4/2026,
TC-399,编辑客户,"1. 点击某个客户的编辑按钮
2. 修改信息
3. 点击保存",配置测试,客户信息更新成功,通过,XU Feiran,6/4/2026,
TC-400,删除客户,"1. 点击某个客户的删除按钮
2. 确认删除",配置测试,客户删除成功,通过,XU Feiran,6/4/2026,
TC-401,客户代码唯一性,"1. 新增客户
2. 使用已存在的客户代码",配置测试,提示客户代码已存在,通过,XU Feiran,6/4/2026,
TC-402,获取用户列表,1. 调用用户列表接口,接口测试,返回用户列表数据,待测试,,,
TC-403,下拉框使用,"1. 打开新建退件信息表单
2. 查看责任工程师下拉框",配置测试,下拉框显示所有用户选项,待测试,,,
TC-404,加载现有配置,"1. 进入设置-邮件服务器
2. 查看配置表单",通知测试,显示已保存的邮件配置（如存在）,通过,XU Feiran,6/4/2026,
TC-405,空配置初始状态,"1. 数据库无邮件配置
2. 进入设置-邮件服务器",通知测试,表单显示默认值（端口25，SSL关闭）,通过,XU Feiran,6/4/2026,
TC-406,保存新配置）,"1. 填写SMTP服务器、端口25、发件邮箱、密码
2. 点击保存配置",通知测试,"保存成功，提示""配置保存成功""",通过,XU Feiran,6/4/2026,
TC-407,必填项验证,"1. 不填写SMTP服务器
2. 不填写发件邮箱
3. 不填写邮箱密码
4. 点击保存",通知测试,表单验证失败，提示必填项,通过,XU Feiran,6/4/2026,
TC-408,邮箱格式验证,"1. 发件邮箱填写非法格式（如""test""）
2. 点击保存",通知测试,"提示""请输入正确的邮箱地址""",通过,XU Feiran,6/4/2026,
TC-409,测试连接（成功）,"1. 保存有效配置后
2. 点击测试连接
3. 输入测试邮箱地址
4. 点击确定",通知测试,测试邮件发送成功，显示成功提示,通过,XU Feiran,6/4/2026,
TC-410,测试连接（失败）,"1. 配置错误的服务器
2. 点击测试连接",通知测试,显示错误提示，包含失败原因,通过,XU Feiran,6/4/2026,
TC-411,测试连接邮箱验证,"1. 点击测试连接
2. 不填写测试邮箱
3. 点击确定",通知测试,"提示""请输入测试邮箱地址""",通过,XU Feiran,6/4/2026,
TC-412,测试连接邮箱格式验证,"1. 点击测试连接
2. 输入非法邮箱格式
3. 点击确定",通知测试,"提示""请输入正确的邮箱地址""",通过,XU Feiran,6/4/2026,
TC-413,未保存禁止测试,"1. 修改配置但未保存
2. 点击测试连接",通知测试,"测试按钮禁用或提示""请先保存配置""",通过,XU Feiran,6/4/2026,
TC-414,修改已保存配置,"1. 加载已有配置
2. 修改部分字段
3. 点击保存",通知测试,更新成功，显示更新后的配置,通过,XU Feiran,6/4/2026,
TC-415,发件人显示名称,"1. 填写发件人显示名称
2. 保存配置
3. 发送测试邮件",通知测试,"邮件发件人显示为""显示名称 <邮箱>""格式",通过,XU Feiran,6/4/2026,
TC-416,SMTP域认证,"1. 填写SMTP域
2. 保存配置
3. 发送测试邮件",通知测试,使用域认证发送邮件,通过,XU Feiran,6/4/2026,
TC-417,刷新后配置保持,"1. 保存配置
2. 刷新页面",通知测试,配置保持不变,通过,XU Feiran,6/4/2026,
TC-418,责任判定通知-B,"1. 创建精分析报告
2. 填写 RESPONSIBILITY=B
3. 提交报告",通知测试,发送邮件给 ANALYST + RESPONSIBLE_ENGINEER，抄送 QMC_Leader,通过,XU Feiran,6/22/2026,
TC-419,责任判定通知-O,"1. 创建精分析报告
2. 填写 RESPONSIBILITY=O
3. 提交报告",通知测试,发送邮件给 ANALYST + RESPONSIBLE_ENGINEER，抄送 QMC_Leader,通过,XU Feiran,6/22/2026,
TC-420,责任判定通知-无,"1. 创建精分析报告
2. 不填写 RESPONSIBILITY
3. 提交报告",通知测试,不发送邮件,通过,XU Feiran,6/22/2026,
TC-421,0公里退货通知,"1. 在 complaintType 为 BA20（或 BA35、BA42 等非 BA40/BA41 类型）的退货单下新建退件信息并**提交**
2. 检查通知日志
3. 在 complaintType 为 BA40（或 BA41）的退货单下新建退件信息并**提交**
4. 检查通知日志",通知测试,"0km 类型（complaintType 不在 {BA40, BA41} 内）：提交时发送邮件给 RESPONSIBLE_ENGINEER，无抄送；暂存阶段不发 非 0km 类型（BA40/BA41）：不发送 0km 通知邮件",通过,XU Feiran,6/22/2026,
TC-422,邮件配置缺失时静默,"1. 数据库无邮件服务器配置
2. 触发责任判定提交",通知测试,不抛异常，不发送邮件，静默跳过,通过,XU Feiran,6/22/2026,
TC-423,预警通知触发,"1. 退件信息进入""精分析/进行中""状态 ≥ 13 天且 < 21 天
2. 等待定时任务执行",通知测试,发送预警邮件给 ANALYST,通过,XU Feiran,6/23/2026,
TC-424,预警频率-1天/次,"1. 已发送过预警通知
2. 等待 1 天后再次执行定时任务",通知测试,再次发送预警邮件,通过,XU Feiran,6/23/2026,
TC-425,预警频率-未满1天,"1. 已发送过预警通知
2. 同一天内再次执行定时任务",通知测试,不重复发送,通过,XU Feiran,6/23/2026,
TC-426,超期后不再发预警,"1. 退件信息进入""精分析/进行中""状态 ≥ 21 天
2. 清空该件 WARNING 日志后执行定时任务",通知测试,不发送预警邮件（仅发送超时邮件，见 432）；APMS_NOTIFICATION_LOG 无新增 WARNING 记录,通过,XU Feiran,6/23/2026,
TC-427,超时通知触发,"1. 退件信息进入""精分析/进行中""状态 ≥ 21 天
2. 等待定时任务执行",通知测试,发送超时邮件给 ANALYST，抄送 QMC_Leader,通过,XU Feiran,6/23/2026,
TC-428,超时频率-3天/次,"1. 已发送过超时通知
2. 等待 3 天后再次执行定时任务",通知测试,再次发送超时邮件,通过,XU Feiran,6/23/2026,
TC-429,超时频率-未满3天,"1. 已发送过超时通知
2. 1 天后再次执行定时任务",通知测试,不重复发送,通过,XU Feiran,6/23/2026,
TC-430,审批超期提醒触发,"1. 退件信息进入""精分析审批/进行中""状态 ≥ 3 天
2. 等待定时任务执行",通知测试,发送审批提醒邮件给 QMC_Leader,通过,XU Feiran,6/23/2026,
TC-431,审批超期频率-3天/次,"1. 已发送过审批提醒
2. 等待 3 天后再次执行定时任务",通知测试,再次发送审批提醒邮件,通过,XU Feiran,6/23/2026,
TC-432,审批完成不再提醒,"1. 退件信息从""精分析审批/进行中""变为""精分析审批/完成""
2. 定时任务执行",通知测试,不再发送审批提醒,通过,XU Feiran,6/23/2026,
TC-433,定时任务日志记录,"1. 定时任务执行并发送邮件
2. 查询 APMS_NOTIFICATION_LOG",通知测试,记录包含 PART_ID、NOTIFICATION_TYPE、RECIPIENTS、STATUS、SENT_AT,通过,XU Feiran,6/23/2026,
TC-434,发送失败不中断定时任务,"1. 配置错误的 SMTP 服务器
2. 等待定时任务执行",通知测试,定时任务整体不崩溃，下一轮 cron 仍可正常执行；`sendAndLog` 同步发送，失败时 `APMS_NOTIFICATION_LOG` 记录 `STATUS=FAILED` + `ERROR_MESSAGE`，应用日志打印 `[email] Failed to ...`；因 `shouldSkip` 只认 SENT，FAILED 记录下轮 cron 自动重试,通过,XU Feiran,6/23/2026,
TC-435,旧键名已移除,"1. yml 中写入旧键 `qmc-leader-emails: x`
2. 启动服务",权限测试,启动成功，旧键被忽略（打印 warn 或静默）,待测试,,,
TC-436,AEP 正常返回 QMC Leader 邮箱,"1. `aep.proxy.enabled=true`
2. AEP 接口可通
3. 调用 `getQmcLeaderEmails()`",权限测试,返回 `QMC_Leader` + `QMC_Manager` 两角色成员邮箱的合并列表,待测试,,,同角色下用户去重
TC-437,AEP 接口异常不崩溃,"1. `aep.proxy.enabled=true`
2. 断开 AEP 网络或模拟 500
3. 触发包含 QMC Leader 的通知",权限测试,返回空列表；打印 `ERROR: Failed to fetch QMC leader emails from AEP`；主收件人（ANALYST）正常收到邮件,待测试,,,
TC-438,两角色重叠用户去重,"1. AEP 中某用户同属 QMC_Leader 和 QMC_Manager
2. 调用 `getQmcLeaderEmails()`",权限测试,该用户邮箱在结果列表中只出现一次,待测试,,,
TC-439,两角色均无成员,"1. AEP 两角色成员均为空
2. 调用 `getQmcLeaderEmails()`",权限测试,返回空列表，不报错,待测试,,,
TC-440,QMC Leader 无邮件但主收件人正常,"1. 同路径 C 配置
2. 触发责任判定通知（RESPONSIBILITY=B）",通知测试,ANALYST + RESPONSIBLE_ENGINEER 正常收到邮件；无 QMC Leader 抄送；无异常抛出,待测试,,,
TC-441,首次无配置时进入页面,"1. DB 无 SMB 配置记录
2. 进入设置-SMB存储配置",文件存储测试,表单显示为空（或默认值），无报错,通过,,,
TC-442,已有配置时加载,"1. DB 已存在 SMB 配置
2. 进入设置-SMB存储配置",文件存储测试,表单展示已保存的配置，密码字段显示 `******`,通过,,,
TC-443,GET 接口密码脱敏,调用 `GET /api/v1/smb-configuration`,文件存储测试,"响应中 password 字段值为 `""******""`",通过,,,
TC-444,保存正确配置后无需重启可用,"1. 填写正确 SMB 配置
2. 点击保存
3. 立即上传/下载文件",文件存储测试,保存成功；文件操作成功，无需重启服务,通过,,,
TC-445,不修改密码时 DB 密码保留,"1. 加载已有配置（密码显示 `******`）
2. 修改其他字段（不修改密码）
3. 保存",文件存储测试,DB 中密码未变；文件操作仍可用,通过,,,
TC-446,修改为错误密码后操作失败,"1. 将密码改为错误值
2. 保存
3. 上传/下载文件",文件存储测试,文件操作返回连接失败错误；无 500 崩溃,通过,,,
TC-447,必填项验证,"1. 清空 host / shareName / user / password / prefix / env
2. 点击保存",文件存储测试,各必填项均有校验提示，不提交,通过,,,
TC-448,enabled=false 时文件操作返回 503,"1. 保存 `enabled=false` 的配置
2. 上传/下载文件",文件存储测试,"返回 503，提示""SMB 未配置或已禁用""",通过,,,
TC-449,测试连接成功,"1. 配置正确的 SMB 信息
2. 保存后点击测试连接",文件存储测试,显示成功提示,通过,,,
TC-450,测试连接失败,"1. 配置错误的 host 或密码
2. 保存后点击测试连接",文件存储测试,显示失败提示，包含错误原因,通过,,,
TC-451,未保存时测试连接禁用,"1. 修改配置但未保存
2. 查看测试连接按钮",文件存储测试,"按钮禁用或提示""请先保存配置""",通过,,,
TC-452,首次无配置时文件操作返回 503,"1. DB 无 SMB 配置
2. 上传/下载文件",文件存储测试,"返回 503，提示""SMB 未配置或已禁用""",待测试,,,
TC-453,SMB 认证失败提示,"1. 配置正确 host/shareName 但错误用户名或密码
2. 保存配置
3. 上传文件",文件存储测试,前端显示 SMB 认证失败提示信息,待测试,,,认证异常提示
TC-454,SMB 模式文件上传/下载,"1. 配置正确 SMB 连接
2. 上传文件
3. 下载文件",文件存储测试,上传下载正常,通过,,,
TC-455,未配置时文件操作返回 503,"1. 未配置任何存储模式
2. 上传/下载文件",文件存储测试,返回 503，提示存储未配置,待测试,,,
TC-456,中英文切换,"1. 点击语言切换器
2. 切换到英文
3. 查看页面文本",国际化测试,所有文本显示为英文,通过,XU Feiran,6/4/2026,
TC-457,切换回中文,"1. 点击语言切换器
2. 切换到中文
3. 查看页面文本",国际化测试,所有文本显示为中文,通过,XU Feiran,6/4/2026,
TC-458,动态内容翻译,"1. 在中文模式下查看数据
2. 切换到英文",国际化测试,数据中的中文（如客户名）保持不变,通过,XU Feiran,6/4/2026,
TC-459,切换用户,"1. 点击用户切换器
2. 选择不同用户",权限测试,当前用户变更，权限相应变更,通过,XU Feiran,6/4/2026,
TC-460,角色显示,"1. 切换用户
2. 查看显示的角色信息",权限测试,正确显示用户角色,通过,XU Feiran,6/4/2026,
TC-461,复制认证头,"1. 点击复制认证头
2. 粘贴到请求工具",兼容性测试,认证头复制成功,通过,XU Feiran,6/4/2026,
TC-462,退货单正常导入,"1. 打开「导入管理」页面
2. 点击「新建导入」
3. 选择导入类型「退货单」
4. 选择 Excel 文件
5. 点击确定",导入测试,显示成功数量等于数据行数；失败数=0；退货单管理页面可查到新记录（状态=draft，客户=UNKNOWN）,通过,,,
TC-463,退货单部分行失败,1. 上传文件，执行导入,导入测试,收货时间为空的行失败（错误：收货时间不能为空）；其余行正常创建；导入结果显示失败行号和错误信息,通过,,,
TC-464,查看历史导入记录,"1. 打开「导入管理」页面
2. 查看列表",导入测试,列表显示导入记录（文件名、类型、时间、总数/成功/失败）；点击「查看日志」可查看失败详情,通过,,,
TC-465,日期格式兼容性,1. 上传文件，执行导入,导入测试,所有支持的日期格式均能正常解析，生成正确 receiveDate 和 complaintDate,通过,,,
TC-466,MRB 号导入,"1. 上传含 MRB 号的 Excel 文件
2. 执行导入
3. 查看导入成功的退件信息详情",导入测试,"退件信息 otherInfo 字段显示""MRB 号：xxx""；MRB 号为空的行 otherInfo 为空",待测试,,,IM-005；前置条件：准备含 MRB 号列（MRB号/MRB No/MRB Number 表头）的 Excel
TC-467,导入不创建分析单,"1. 导入成功后
2. 查询 APMS_ANALYSIS_ORDER 表
3. 查看分析单管理页面",导入测试,导入的退货单下无分析单记录；分析单管理页面不显示导入订单的分析单,通过,,,
TC-468,新建退货单不残留上次表单,"1. 进入退货单列表
2. 点击「新建退件」填写部分字段后返回列表
3. 再次点击「新建退件」",功能测试,新建表单为空白初始状态，不显示上次填写的数据,待测试,,,修复 wujie keep-alive + 同组件复用导致 `onMounted` 不触发
TC-469,编辑→新建不残留编辑数据,"1. 打开某退货单「编辑」页
2. 返回列表
3. 点击「新建退件」",功能测试,新建表单为空白初始状态，不显示刚编辑订单的数据,待测试,,,同组件 `OrderForm.vue` 复用场景
TC-470,新建售后件不残留上次表单,"1. 进入售后件列表
2. 点击「新建」填写部分字段后返回
3. 再次点击「新建」",功能测试,新建表单为空白初始状态，不显示上次填写的数据,待测试,,,`PartForm.vue` 同样修复
TC-471,返回箭头跳逻辑父级,"1. 分别进入：退货单详情、售后件详情、分析单详情、精分析表单、各表单「编辑/取消」
2. 点击左上角返回箭头/取消",功能测试,全部跳转到对应逻辑父级页面（退货单类→退货单列表；售后件类→售后件列表；分析单详情→分析单列表；精分析表单→该零件详情），不依赖浏览器历史栈,待测试,,,由 `router.back()` 改为 `router.push(逻辑父级)`
TC-472,跨 tab 创建退件不残留旧表单,"1. 在退货单详情点「创建退件」进入售后件创建页（跨 tab jump）
2. 填写并提交
3. 回到退货单详情再次点「创建退件」",功能测试,第二次进入创建页为空白初始表单，不显示上次填写的数据；提交后售后件 tab 自动离开新建页,待测试,,,AEP 无关闭 tab 接口；用 jump 带时间戳强制 fullPath 不同 + 提交后离开 /new
